SET FOREIGN_KEY_CHECKS = 0; 

TRUNCATE TABLE answer;
TRUNCATE TABLE question;
TRUNCATE TABLE sub_category;
TRUNCATE TABLE category;
TRUNCATE TABLE user;
TRUNCATE TABLE user_role;
TRUNCATE TABLE role;
TRUNCATE TABLE test_question;
TRUNCATE TABLE test;
TRUNCATE TABLE grade;

TRUNCATE TABLE cat_subcat;
TRUNCATE TABLE question_answer;
TRUNCATE TABLE question_subcat;
TRUNCATE TABLE test_testquestion;
TRUNCATE TABLE user_test;


SET FOREIGN_KEY_CHECKS = 1;


INSERT INTO grade(`grade_id`,`min`,`max`,`grade`) VALUES (1,95.1,100,'A');
INSERT INTO grade(`grade_id`,`min`,`max`,`grade`) VALUES (2,90.1,95,'A-');
INSERT INTO grade(`grade_id`,`min`,`max`,`grade`) VALUES (3,85.1,90,'B+');
INSERT INTO grade(`grade_id`,`min`,`max`,`grade`) VALUES (4,80.1,85,'B');
INSERT INTO grade(`grade_id`,`min`,`max`,`grade`) VALUES (5,75.1,80,'B-');
INSERT INTO grade(`grade_id`,`min`,`max`,`grade`) VALUES (6,0,75,'NC');
COMMIT;

INSERT INTO role(`role_id`,`role_name`) VALUES (1,'ADMIN');
INSERT INTO role(`role_id`,`role_name`) VALUES (2,'COACH');
INSERT INTO role(`role_id`,`role_name`) VALUES (3,'DATA ENTRY MANAGER');
INSERT INTO role(`role_id`,`role_name`) VALUES (4,'STUDENT');
COMMIT;


INSERT INTO user(`user_id`,`username`,`password`,`FIRST_name`,`LAST_name`,`email`,`coach_id`) VALUES (1,'root','root','Admin','System','root@mum.edu',null);
INSERT INTO user(`user_id`,`username`,`password`,`FIRST_name`,`LAST_name`,`email`,`coach_id`) VALUES (2,'coach1','coach1','Joe','Donut','coach1@mum.edu',null);
INSERT INTO user(`user_id`,`username`,`password`,`FIRST_name`,`LAST_name`,`email`,`coach_id`) VALUES (3,'coach2','coach2','Elvis','Presley','elvis@mum.edu',null);
INSERT INTO user(`user_id`,`username`,`password`,`FIRST_name`,`LAST_name`,`email`,`coach_id`) VALUES (4,'dem1','dem1','Lionel','Messi','messi@mum.edu',null);
COMMIT;

INSERT INTO user(`user_id`,`username`,`password`,`FIRST_name`,`LAST_name`,`email`,`coach_id`) VALUES (5,'student1','student1','Cristiano','Ronaldo','cr7@mum.edu',2);
INSERT INTO user(`user_id`,`username`,`password`,`FIRST_name`,`LAST_name`,`email`,`coach_id`) VALUES (6,'student2','student2','Neymar','Jr','neymar@mum.edu',3);
INSERT INTO user(`user_id`,`username`,`password`,`FIRST_name`,`LAST_name`,`email`,`coach_id`) VALUES (7,'student3','student3','Ronaldinho','Gaucho','ronaldinho@mum.edu',3);
COMMIT;

INSERT INTO user_role(`user_id`,`role_id`) VALUES (1,1);
INSERT INTO user_role(`user_id`,`role_id`) VALUES (2,2);
INSERT INTO user_role(`user_id`,`role_id`) VALUES (3,2);
INSERT INTO user_role(`user_id`,`role_id`) VALUES (4,3);
INSERT INTO user_role(`user_id`,`role_id`) VALUES (5,4);
INSERT INTO user_role(`user_id`,`role_id`) VALUES (6,4);
INSERT INTO user_role(`user_id`,`role_id`) VALUES (7,4);
COMMIT;



INSERT INTO category(`CAT_id`,`description`) VALUES (1,'Java');
INSERT INTO category(`CAT_id`,`description`) VALUES (2,'C#');
COMMIT;

INSERT INTO sub_category(`sub_cat_id`,`description`) VALUES (1,'Java Sub Cat 1');
INSERT INTO sub_category(`sub_cat_id`,`description`) VALUES (2,'Java Sub Cat 2');
INSERT INTO sub_category(`sub_cat_id`,`description`) VALUES (3,'C# Sub Cat 1');
INSERT INTO sub_category(`sub_cat_id`,`description`) VALUES (4,'C# Sub Cat 2');
COMMIT;

INSERT INTO cat_subcat(`CAT_id`,`sub_cat_id`) VALUES (1,1);
INSERT INTO cat_subcat(`CAT_id`,`sub_cat_id`) VALUES (1,2);
INSERT INTO cat_subcat(`CAT_id`,`sub_cat_id`) VALUES (2,3);
INSERT INTO cat_subcat(`CAT_id`,`sub_cat_id`) VALUES (2,4);
COMMIT;


INSERT INTO question(`question_id`,`description`) VALUES (1,'Which of the following is true about file structures?');
INSERT INTO question(`question_id`,`description`) VALUES (2,'Which of the following is true about Primitives?');
INSERT INTO question(`question_id`,`description`) VALUES (3,'Synchronized modifier can be used on ');
INSERT INTO question(`question_id`,`description`) VALUES (4,'Inheritance, Overloading, Overriding provide ');
INSERT INTO question(`question_id`,`description`) VALUES (5,'What are are the states of a thread?');
INSERT INTO question(`question_id`,`description`) VALUES (6,'Constructors are ');
INSERT INTO question(`question_id`,`description`) VALUES (7,'The modulo (%) operator provides or gives');
INSERT INTO question(`question_id`,`description`) VALUES (8,'The private access modifier ');
INSERT INTO question(`question_id`,`description`) VALUES (9,'Garbage Collection ');
INSERT INTO question(`question_id`,`description`) VALUES (10,'The Alive() method is available in which class?');
INSERT INTO question(`question_id`,`description`) VALUES (11,'What are the uses of delegates in C#?');
INSERT INTO question(`question_id`,`description`) VALUES (12,'Which properties are part of the Thread class in C#?');
INSERT INTO question(`question_id`,`description`) VALUES (13,'What are the states of a thread in C#?');
INSERT INTO question(`question_id`,`description`) VALUES (14,'The finally block is never executed in C# when ');
INSERT INTO question(`question_id`,`description`) VALUES (15,'Which of the following is true?');
INSERT INTO question(`question_id`,`description`) VALUES (16,'The pre defined attributes in C# are');
INSERT INTO question(`question_id`,`description`) VALUES (17,'Unit test case types in C# include ');
INSERT INTO question(`question_id`,`description`) VALUES (18,'Which of the following does not exist in C#?');
INSERT INTO question(`question_id`,`description`) VALUES (19,'What is the difference between value types and reference types?');
INSERT INTO question(`question_id`,`description`) VALUES (20,'Polymorphism in C# is');
COMMIT;

INSERT INTO answer(`answer_id`,`description`,`isRightAnswer`) VALUES (1,'A package statement must appear as the first statement of a source file followed by import statements and class or interface definition',FALSE);
INSERT INTO answer(`answer_id`,`description`,`isRightAnswer`) VALUES (2,'A source file can contain any number of non-public classes.',FALSE);
INSERT INTO answer(`answer_id`,`description`,`isRightAnswer`) VALUES (3,'If a class or interface is without a package name, then those are put into a default no name package.',FALSE);
INSERT INTO answer(`answer_id`,`description`,`isRightAnswer`) VALUES (4,'Two public classes in the same file are not allowed',FALSE);
INSERT INTO answer(`answer_id`,`description`,`isRightAnswer`) VALUES (5,'All of the above',TRUE);
INSERT INTO answer(`answer_id`,`description`,`isRightAnswer`) VALUES (6,'All of the above',FALSE);

INSERT INTO answer(`answer_id`,`description`,`isRightAnswer`) VALUES (7,'There are 7 primitive data types in java. ',FALSE);
INSERT INTO answer(`answer_id`,`description`,`isRightAnswer`) VALUES (8,'Primitive data types can be objects.',FALSE);
INSERT INTO answer(`answer_id`,`description`,`isRightAnswer`) VALUES (9,'A boolean is 8 bits in size and stores true or false. It''s default value is true.',FALSE);
INSERT INTO answer(`answer_id`,`description`,`isRightAnswer`) VALUES (10,'The order of public and static before the main method does not matter but void should always come before mainO',TRUE);
INSERT INTO answer(`answer_id`,`description`,`isRightAnswer`) VALUES (11,'main method()''s return type is integer',FALSE);
INSERT INTO answer(`answer_id`,`description`,`isRightAnswer`) VALUES (12,'The order of public and static before the main method does not matter but void should always come before mainO',FALSE);

INSERT INTO answer(`answer_id`,`description`,`isRightAnswer`) VALUES (13,'blocks of code and variables',FALSE);
INSERT INTO answer(`answer_id`,`description`,`isRightAnswer`) VALUES (14,'primitives and methods',FALSE);
INSERT INTO answer(`answer_id`,`description`,`isRightAnswer`) VALUES (15,'classes and methods',FALSE);
INSERT INTO answer(`answer_id`,`description`,`isRightAnswer`) VALUES (16,'variables and classes',FALSE);
INSERT INTO answer(`answer_id`,`description`,`isRightAnswer`) VALUES (17,'blocks of code and methods',TRUE);
INSERT INTO answer(`answer_id`,`description`,`isRightAnswer`) VALUES (18,'blocks of code and methods',FALSE);

INSERT INTO answer(`answer_id`,`description`,`isRightAnswer`) VALUES (19,'flexible code',FALSE);
INSERT INTO answer(`answer_id`,`description`,`isRightAnswer`) VALUES (20,'polymorphism ',TRUE);
INSERT INTO answer(`answer_id`,`description`,`isRightAnswer`) VALUES (21,'mulitple inheritance',FALSE);
INSERT INTO answer(`answer_id`,`description`,`isRightAnswer`) VALUES (22,'class structure',FALSE);
INSERT INTO answer(`answer_id`,`description`,`isRightAnswer`) VALUES (23,'support for method creation',FALSE);
INSERT INTO answer(`answer_id`,`description`,`isRightAnswer`) VALUES (24,'Polymorphism ',FALSE);

INSERT INTO answer(`answer_id`,`description`,`isRightAnswer`) VALUES (25,'Runnable, Wait, Notify, Yield',FALSE);
INSERT INTO answer(`answer_id`,`description`,`isRightAnswer`) VALUES (26,'Start, Running, Waiting, Terminate',FALSE);
INSERT INTO answer(`answer_id`,`description`,`isRightAnswer`) VALUES (27,'Ready, Running, Waiting, Dead',TRUE);
INSERT INTO answer(`answer_id`,`description`,`isRightAnswer`) VALUES (28,'Executing, Sleeping, Waiting, Stopped',FALSE);
INSERT INTO answer(`answer_id`,`description`,`isRightAnswer`) VALUES (29,'Started, Sleeping, Notified, Stopped',FALSE);
INSERT INTO answer(`answer_id`,`description`,`isRightAnswer`) VALUES (30,'Ready, Running, Waiting, Dead',FALSE);

INSERT INTO answer(`answer_id`,`description`,`isRightAnswer`) VALUES (31,'used for creating an instance',FALSE);
INSERT INTO answer(`answer_id`,`description`,`isRightAnswer`) VALUES (32,'inherited',FALSE);
INSERT INTO answer(`answer_id`,`description`,`isRightAnswer`) VALUES (33,'required for every class',FALSE);
INSERT INTO answer(`answer_id`,`description`,`isRightAnswer`) VALUES (34,'none of the above',TRUE);
INSERT INTO answer(`answer_id`,`description`,`isRightAnswer`) VALUES (35,'all of the above',FALSE);
INSERT INTO answer(`answer_id`,`description`,`isRightAnswer`) VALUES (36,'none of the above',FALSE);

INSERT INTO answer(`answer_id`,`description`,`isRightAnswer`) VALUES (37,'the remainder after division',TRUE);
INSERT INTO answer(`answer_id`,`description`,`isRightAnswer`) VALUES (38,'precedence to an operator',FALSE);
INSERT INTO answer(`answer_id`,`description`,`isRightAnswer`) VALUES (39,'the mode or state of a thread',FALSE);
INSERT INTO answer(`answer_id`,`description`,`isRightAnswer`) VALUES (40,'the mode or state of a synchronized block of code',FALSE);
INSERT INTO answer(`answer_id`,`description`,`isRightAnswer`) VALUES (41,'a bracket for comments',FALSE);
INSERT INTO answer(`answer_id`,`description`,`isRightAnswer`) VALUES (42,'the remainder after division',FALSE);

INSERT INTO answer(`answer_id`,`description`,`isRightAnswer`) VALUES (43,'allows access to the subclasses. ',FALSE);
INSERT INTO answer(`answer_id`,`description`,`isRightAnswer`) VALUES (44,'allows access only from within the class. ',TRUE);
INSERT INTO answer(`answer_id`,`description`,`isRightAnswer`) VALUES (45,'can be used as a class modifier.',FALSE);
INSERT INTO answer(`answer_id`,`description`,`isRightAnswer`) VALUES (46,'can be used on a constructor',FALSE);
INSERT INTO answer(`answer_id`,`description`,`isRightAnswer`) VALUES (47,'None of the above',FALSE);
INSERT INTO answer(`answer_id`,`description`,`isRightAnswer`) VALUES (48,'allows access only from within the class. ',FALSE);

INSERT INTO answer(`answer_id`,`description`,`isRightAnswer`) VALUES (49,'runs as a low priority  thread ',TRUE);
INSERT INTO answer(`answer_id`,`description`,`isRightAnswer`) VALUES (50,'requires explicit coding (like destructors) ',FALSE);
INSERT INTO answer(`answer_id`,`description`,`isRightAnswer`) VALUES (51,'is automatic and instant',FALSE);
INSERT INTO answer(`answer_id`,`description`,`isRightAnswer`) VALUES (52,'is triggered by the finalize() method ',FALSE);
INSERT INTO answer(`answer_id`,`description`,`isRightAnswer`) VALUES (53,'runs when there are no references to the object',FALSE);
INSERT INTO answer(`answer_id`,`description`,`isRightAnswer`) VALUES (54,'runs as a low priority  thread ',FALSE);

INSERT INTO answer(`answer_id`,`description`,`isRightAnswer`) VALUES (55,'Activator',FALSE);
INSERT INTO answer(`answer_id`,`description`,`isRightAnswer`) VALUES (56,'Thread',TRUE);
INSERT INTO answer(`answer_id`,`description`,`isRightAnswer`) VALUES (57,'ThreadDeath',FALSE);
INSERT INTO answer(`answer_id`,`description`,`isRightAnswer`) VALUES (58,'ThreadGroup',FALSE);
INSERT INTO answer(`answer_id`,`description`,`isRightAnswer`) VALUES (59,'VerifyError',FALSE);
INSERT INTO answer(`answer_id`,`description`,`isRightAnswer`) VALUES (60,'Thread',FALSE);

INSERT INTO answer(`answer_id`,`description`,`isRightAnswer`) VALUES (61,'Callback Mechanism ',FALSE);
INSERT INTO answer(`answer_id`,`description`,`isRightAnswer`) VALUES (62,'Asynchronous Processing',FALSE);
INSERT INTO answer(`answer_id`,`description`,`isRightAnswer`) VALUES (63,'Abstract Encapsulate method',FALSE);
INSERT INTO answer(`answer_id`,`description`,`isRightAnswer`) VALUES (64,'Multicasting',FALSE);
INSERT INTO answer(`answer_id`,`description`,`isRightAnswer`) VALUES (65,'All of the Above',TRUE);
INSERT INTO answer(`answer_id`,`description`,`isRightAnswer`) VALUES (66,'All of the Above',FALSE);

INSERT INTO answer(`answer_id`,`description`,`isRightAnswer`) VALUES (67,'JoinThread',FALSE);
INSERT INTO answer(`answer_id`,`description`,`isRightAnswer`) VALUES (68,'Resume',FALSE);
INSERT INTO answer(`answer_id`,`description`,`isRightAnswer`) VALUES (69,'IsThreadPoolThread',TRUE);
INSERT INTO answer(`answer_id`,`description`,`isRightAnswer`) VALUES (70,'SuspendThread',FALSE);
INSERT INTO answer(`answer_id`,`description`,`isRightAnswer`) VALUES (71,'All of the Above',FALSE);
INSERT INTO answer(`answer_id`,`description`,`isRightAnswer`) VALUES (72,'IsThreadPoolThread',FALSE);

INSERT INTO answer(`answer_id`,`description`,`isRightAnswer`) VALUES (73,'Unstarted',FALSE);
INSERT INTO answer(`answer_id`,`description`,`isRightAnswer`) VALUES (74,'Started',TRUE);
INSERT INTO answer(`answer_id`,`description`,`isRightAnswer`) VALUES (75,'Sleeping',FALSE);
INSERT INTO answer(`answer_id`,`description`,`isRightAnswer`) VALUES (76,'Terminated',FALSE);
INSERT INTO answer(`answer_id`,`description`,`isRightAnswer`) VALUES (77,'All of the Above',FALSE);
INSERT INTO answer(`answer_id`,`description`,`isRightAnswer`) VALUES (78,'Started',FALSE);

INSERT INTO answer(`answer_id`,`description`,`isRightAnswer`) VALUES (79,'a return statement is in the try block',FALSE);
INSERT INTO answer(`answer_id`,`description`,`isRightAnswer`) VALUES (80,'Environment.Exit is in the try block',FALSE);
INSERT INTO answer(`answer_id`,`description`,`isRightAnswer`) VALUES (81,'Application.Exit is in the try block',FALSE);
INSERT INTO answer(`answer_id`,`description`,`isRightAnswer`) VALUES (82,'the try block does not get called',TRUE);
INSERT INTO answer(`answer_id`,`description`,`isRightAnswer`) VALUES (83,'All of the Above',FALSE);
INSERT INTO answer(`answer_id`,`description`,`isRightAnswer`) VALUES (84,'the try block does not get called',FALSE);

INSERT INTO answer(`answer_id`,`description`,`isRightAnswer`) VALUES (85,'The Nullable Coalescing Operator can be used with reference types',FALSE);
INSERT INTO answer(`answer_id`,`description`,`isRightAnswer`) VALUES (86,'The Nullable Coalescing Operator can be used with reference types and nullable value types',TRUE);
INSERT INTO answer(`answer_id`,`description`,`isRightAnswer`) VALUES (87,'The Nullable Coalescing Operator can be used with variables',FALSE);
INSERT INTO answer(`answer_id`,`description`,`isRightAnswer`) VALUES (88,'The Nullable Coalescing Operator cannot be used with C# built-in Data Types',FALSE);
INSERT INTO answer(`answer_id`,`description`,`isRightAnswer`) VALUES (89,'The Nullable Coalescing Operator can be used with classes and all value types',FALSE);
INSERT INTO answer(`answer_id`,`description`,`isRightAnswer`) VALUES (90,'Nullable Coalescing Operator can be used with reference types and nullable value types',FALSE);

INSERT INTO answer(`answer_id`,`description`,`isRightAnswer`) VALUES (91,'AttributeUsage, Conditional, Obsolete',TRUE);
INSERT INTO answer(`answer_id`,`description`,`isRightAnswer`) VALUES (92,'Attribute, Unconditional, Obsolete',FALSE);
INSERT INTO answer(`answer_id`,`description`,`isRightAnswer`) VALUES (93,'Attribute, Conditional, Obsolete',FALSE);
INSERT INTO answer(`answer_id`,`description`,`isRightAnswer`) VALUES (94,'Unrestricted, Conditional, Obsolete',FALSE);
INSERT INTO answer(`answer_id`,`description`,`isRightAnswer`) VALUES (95,'Unrestricted, Unconditional, Obsolete',FALSE);
INSERT INTO answer(`answer_id`,`description`,`isRightAnswer`) VALUES (96,'AttributeUsage, Conditional, Obsolete',FALSE);

INSERT INTO answer(`answer_id`,`description`,`isRightAnswer`) VALUES (97,'Additive test cases, Reductive test cases, Exception test cases',FALSE);
INSERT INTO answer(`answer_id`,`description`,`isRightAnswer`) VALUES (98,'Additive test cases, Reductive test cases, Non Change test cases',FALSE);
INSERT INTO answer(`answer_id`,`description`,`isRightAnswer`) VALUES (99,'Positive test cases, Negative test cases, Exception test cases',TRUE);
INSERT INTO answer(`answer_id`,`description`,`isRightAnswer`) VALUES (100,'Model test cases, View test cases, Controller test cases',FALSE);
INSERT INTO answer(`answer_id`,`description`,`isRightAnswer`) VALUES (101,'Model test cases, View test cases, Database test cases',FALSE);
INSERT INTO answer(`answer_id`,`description`,`isRightAnswer`) VALUES (102,'Positive test cases, Negative test cases, Exception test cases',FALSE);

INSERT INTO answer(`answer_id`,`description`,`isRightAnswer`) VALUES (103,'Single-Dimensional Arrays',FALSE);
INSERT INTO answer(`answer_id`,`description`,`isRightAnswer`) VALUES (104,'Mulitdimensional Arrays',FALSE);
INSERT INTO answer(`answer_id`,`description`,`isRightAnswer`) VALUES (105,'Implicitly Typed Arrays',FALSE);
INSERT INTO answer(`answer_id`,`description`,`isRightAnswer`) VALUES (106,'Broadcast Arrays',TRUE);
INSERT INTO answer(`answer_id`,`description`,`isRightAnswer`) VALUES (107,'Jagged Arrays',FALSE);
INSERT INTO answer(`answer_id`,`description`,`isRightAnswer`) VALUES (108,'Broadcast Arrays',FALSE);

INSERT INTO answer(`answer_id`,`description`,`isRightAnswer`) VALUES (109,'Reference type parameters use more memory than value type parameters.',FALSE);
INSERT INTO answer(`answer_id`,`description`,`isRightAnswer`) VALUES (110,'Reference types can be boxed and unboxed. Value types cannot. ',FALSE);
INSERT INTO answer(`answer_id`,`description`,`isRightAnswer`) VALUES (111,'Value types have an unlimited lifetime, reference types do not.',FALSE);
INSERT INTO answer(`answer_id`,`description`,`isRightAnswer`) VALUES (112,'Built-in data types can be passed as value type parameters, but not reference type parameters.',FALSE);
INSERT INTO answer(`answer_id`,`description`,`isRightAnswer`) VALUES (113,'Value types are stored in the Stack and reference types stored on heap.',TRUE);
INSERT INTO answer(`answer_id`,`description`,`isRightAnswer`) VALUES (114,'Value types are stored in the Stack and reference types stored on heap.',FALSE);

INSERT INTO answer(`answer_id`,`description`,`isRightAnswer`) VALUES (115,'the ability of a programming language to process objects in different ways depending on their data type or class.',TRUE);
INSERT INTO answer(`answer_id`,`description`,`isRightAnswer`) VALUES (116,'The ability of a programming language to process methods in different ways.',FALSE);
INSERT INTO answer(`answer_id`,`description`,`isRightAnswer`) VALUES (117,'Different ways of allocating memory for the data types',FALSE);
INSERT INTO answer(`answer_id`,`description`,`isRightAnswer`) VALUES (118,'supported by overloading and overriding objects.',FALSE);
INSERT INTO answer(`answer_id`,`description`,`isRightAnswer`) VALUES (119,'supported by inheritance.',FALSE);
INSERT INTO answer(`answer_id`,`description`,`isRightAnswer`) VALUES (120,'the ability of a programming language to process objects in different ways depending on their data type or class.',FALSE);
COMMIT;

INSERT INTO test(`test_id`,`SESSION_KEY`,`test_DATE`) VALUES (1,'AAAAAAAAAAAAAAAAAAAAA','2017-01-05 10:15:10');
INSERT INTO test(`test_id`,`SESSION_KEY`,`test_DATE`) VALUES (2,'BBBBBBBBBBBBBBBBBBBBB','2017-01-10 11:21:11');
INSERT INTO test(`test_id`,`SESSION_KEY`,`test_DATE`) VALUES (3,'CCCCCCCCCCCCCCCCCCCCC','2017-02-01 12:32:22');
INSERT INTO test(`test_id`,`SESSION_KEY`,`test_DATE`) VALUES (4,'DDDDDDDDDDDDDDDDDDDDD','2017-02-04 10:23:33');
INSERT INTO test(`test_id`,`SESSION_KEY`,`test_DATE`) VALUES (5,'EEEEEEEEEEEEEEEEEEEEE','2017-03-03 11:44:55');
INSERT INTO test(`test_id`,`SESSION_KEY`,`test_DATE`) VALUES (6,'FFFFFFFFFFFFFFFFFFFFF','2017-03-17 12:33:44');
INSERT INTO test(`test_id`,`SESSION_KEY`,`test_DATE`) VALUES (7,'GGGGGGGGGGGGGGGGGGGGG','2017-04-16 10:18:23');
INSERT INTO test(`test_id`,`SESSION_KEY`,`test_DATE`) VALUES (8,'HHHHHHHHHHHHHHHHHHHHH','2017-04-20 12:56:10');
COMMIT;

INSERT INTO user_test(`test_id`,`user_id`) VALUES (1,5);
INSERT INTO user_test(`test_id`,`user_id`) VALUES (2,6);
INSERT INTO user_test(`test_id`,`user_id`) VALUES (3,7);
INSERT INTO user_test(`test_id`,`user_id`) VALUES (4,5);
INSERT INTO user_test(`test_id`,`user_id`) VALUES (5,6);
INSERT INTO user_test(`test_id`,`user_id`) VALUES (6,7);
INSERT INTO user_test(`test_id`,`user_id`) VALUES (7,5);
INSERT INTO user_test(`test_id`,`user_id`) VALUES (8,6);
COMMIT;


INSERT INTO question_subcat(`question_id`,`sub_cat_id`) VALUES (1,1);
INSERT INTO question_subcat(`question_id`,`sub_cat_id`) VALUES (2,1);
INSERT INTO question_subcat(`question_id`,`sub_cat_id`) VALUES (3,1);
INSERT INTO question_subcat(`question_id`,`sub_cat_id`) VALUES (4,1);
INSERT INTO question_subcat(`question_id`,`sub_cat_id`) VALUES (5,1);
INSERT INTO question_subcat(`question_id`,`sub_cat_id`) VALUES (6,2);
INSERT INTO question_subcat(`question_id`,`sub_cat_id`) VALUES (7,2);
INSERT INTO question_subcat(`question_id`,`sub_cat_id`) VALUES (8,2);
INSERT INTO question_subcat(`question_id`,`sub_cat_id`) VALUES (9,2);
INSERT INTO question_subcat(`question_id`,`sub_cat_id`) VALUES (10,2);
INSERT INTO question_subcat(`question_id`,`sub_cat_id`) VALUES (11,3);
INSERT INTO question_subcat(`question_id`,`sub_cat_id`) VALUES (12,3);
INSERT INTO question_subcat(`question_id`,`sub_cat_id`) VALUES (13,3);
INSERT INTO question_subcat(`question_id`,`sub_cat_id`) VALUES (14,3);
INSERT INTO question_subcat(`question_id`,`sub_cat_id`) VALUES (15,3);
INSERT INTO question_subcat(`question_id`,`sub_cat_id`) VALUES (16,4);
INSERT INTO question_subcat(`question_id`,`sub_cat_id`) VALUES (17,4);
INSERT INTO question_subcat(`question_id`,`sub_cat_id`) VALUES (18,4);
INSERT INTO question_subcat(`question_id`,`sub_cat_id`) VALUES (19,4);
INSERT INTO question_subcat(`question_id`,`sub_cat_id`) VALUES (20,4);
COMMIT;

INSERT INTO test_question(`test_question_id`,`question_id`,`answer`) VALUES (1,1,5);
INSERT INTO test_question(`test_question_id`,`question_id`,`answer`) VALUES (2,2,10);
INSERT INTO test_question(`test_question_id`,`question_id`,`answer`) VALUES (3,3,17);
INSERT INTO test_question(`test_question_id`,`question_id`,`answer`) VALUES (4,4,20);
INSERT INTO test_question(`test_question_id`,`question_id`,`answer`) VALUES (5,5,27);
INSERT INTO test_question(`test_question_id`,`question_id`,`answer`) VALUES (6,11,65);
INSERT INTO test_question(`test_question_id`,`question_id`,`answer`) VALUES (7,12,69);
INSERT INTO test_question(`test_question_id`,`question_id`,`answer`) VALUES (8,13,74);
INSERT INTO test_question(`test_question_id`,`question_id`,`answer`) VALUES (9,14,82);
INSERT INTO test_question(`test_question_id`,`question_id`,`answer`) VALUES (10,15,90);
INSERT INTO test_question(`test_question_id`,`question_id`,`answer`) VALUES (11,6,34);
INSERT INTO test_question(`test_question_id`,`question_id`,`answer`) VALUES (12,7,37);
INSERT INTO test_question(`test_question_id`,`question_id`,`answer`) VALUES (13,8,44);
INSERT INTO test_question(`test_question_id`,`question_id`,`answer`) VALUES (14,9,51);
INSERT INTO test_question(`test_question_id`,`question_id`,`answer`) VALUES (15,10,57);
INSERT INTO test_question(`test_question_id`,`question_id`,`answer`) VALUES (16,6,31);
INSERT INTO test_question(`test_question_id`,`question_id`,`answer`) VALUES (17,7,37);
INSERT INTO test_question(`test_question_id`,`question_id`,`answer`) VALUES (18,8,44);
INSERT INTO test_question(`test_question_id`,`question_id`,`answer`) VALUES (19,9,50);
INSERT INTO test_question(`test_question_id`,`question_id`,`answer`) VALUES (20,10,55);
INSERT INTO test_question(`test_question_id`,`question_id`,`answer`) VALUES (21,11,65);
INSERT INTO test_question(`test_question_id`,`question_id`,`answer`) VALUES (22,12,69);
INSERT INTO test_question(`test_question_id`,`question_id`,`answer`) VALUES (23,13,74);
INSERT INTO test_question(`test_question_id`,`question_id`,`answer`) VALUES (24,14,82);
INSERT INTO test_question(`test_question_id`,`question_id`,`answer`) VALUES (25,15,87);
INSERT INTO test_question(`test_question_id`,`question_id`,`answer`) VALUES (26,11,65);
INSERT INTO test_question(`test_question_id`,`question_id`,`answer`) VALUES (27,12,69);
INSERT INTO test_question(`test_question_id`,`question_id`,`answer`) VALUES (28,13,75);
INSERT INTO test_question(`test_question_id`,`question_id`,`answer`) VALUES (29,14,80);
INSERT INTO test_question(`test_question_id`,`question_id`,`answer`) VALUES (30,15,87);
INSERT INTO test_question(`test_question_id`,`question_id`,`answer`) VALUES (31,1,5);
INSERT INTO test_question(`test_question_id`,`question_id`,`answer`) VALUES (32,2,10);
INSERT INTO test_question(`test_question_id`,`question_id`,`answer`) VALUES (33,3,17);
INSERT INTO test_question(`test_question_id`,`question_id`,`answer`) VALUES (34,4,21);
INSERT INTO test_question(`test_question_id`,`question_id`,`answer`) VALUES (35,5,28);
INSERT INTO test_question(`test_question_id`,`question_id`,`answer`) VALUES (36,16,91);
INSERT INTO test_question(`test_question_id`,`question_id`,`answer`) VALUES (37,17,99);
INSERT INTO test_question(`test_question_id`,`question_id`,`answer`) VALUES (38,18,106);
INSERT INTO test_question(`test_question_id`,`question_id`,`answer`) VALUES (39,19,113);
INSERT INTO test_question(`test_question_id`,`question_id`,`answer`) VALUES (40,20,120);
COMMIT;

INSERT INTO question_answer(`question_id`,`answer_id`) VALUES (1,1);
INSERT INTO question_answer(`question_id`,`answer_id`) VALUES (1,2);
INSERT INTO question_answer(`question_id`,`answer_id`) VALUES (1,3);
INSERT INTO question_answer(`question_id`,`answer_id`) VALUES (1,4);
INSERT INTO question_answer(`question_id`,`answer_id`) VALUES (1,5);
INSERT INTO question_answer(`question_id`,`answer_id`) VALUES (1,6);
INSERT INTO question_answer(`question_id`,`answer_id`) VALUES (2,7);
INSERT INTO question_answer(`question_id`,`answer_id`) VALUES (2,8);
INSERT INTO question_answer(`question_id`,`answer_id`) VALUES (2,9);
INSERT INTO question_answer(`question_id`,`answer_id`) VALUES (2,10);
INSERT INTO question_answer(`question_id`,`answer_id`) VALUES (2,11);
INSERT INTO question_answer(`question_id`,`answer_id`) VALUES (2,12);
INSERT INTO question_answer(`question_id`,`answer_id`) VALUES (3,13);
INSERT INTO question_answer(`question_id`,`answer_id`) VALUES (3,14);
INSERT INTO question_answer(`question_id`,`answer_id`) VALUES (3,15);
INSERT INTO question_answer(`question_id`,`answer_id`) VALUES (3,16);
INSERT INTO question_answer(`question_id`,`answer_id`) VALUES (3,17);
INSERT INTO question_answer(`question_id`,`answer_id`) VALUES (3,18);
INSERT INTO question_answer(`question_id`,`answer_id`) VALUES (4,19);
INSERT INTO question_answer(`question_id`,`answer_id`) VALUES (4,20);
INSERT INTO question_answer(`question_id`,`answer_id`) VALUES (4,21);
INSERT INTO question_answer(`question_id`,`answer_id`) VALUES (4,22);
INSERT INTO question_answer(`question_id`,`answer_id`) VALUES (4,23);
INSERT INTO question_answer(`question_id`,`answer_id`) VALUES (4,24);
INSERT INTO question_answer(`question_id`,`answer_id`) VALUES (5,25);
INSERT INTO question_answer(`question_id`,`answer_id`) VALUES (5,26);
INSERT INTO question_answer(`question_id`,`answer_id`) VALUES (5,27);
INSERT INTO question_answer(`question_id`,`answer_id`) VALUES (5,28);
INSERT INTO question_answer(`question_id`,`answer_id`) VALUES (5,29);
INSERT INTO question_answer(`question_id`,`answer_id`) VALUES (5,30);
INSERT INTO question_answer(`question_id`,`answer_id`) VALUES (6,31);
INSERT INTO question_answer(`question_id`,`answer_id`) VALUES (6,32);
INSERT INTO question_answer(`question_id`,`answer_id`) VALUES (6,33);
INSERT INTO question_answer(`question_id`,`answer_id`) VALUES (6,34);
INSERT INTO question_answer(`question_id`,`answer_id`) VALUES (6,35);
INSERT INTO question_answer(`question_id`,`answer_id`) VALUES (6,36);
INSERT INTO question_answer(`question_id`,`answer_id`) VALUES (7,37);
INSERT INTO question_answer(`question_id`,`answer_id`) VALUES (7,38);
INSERT INTO question_answer(`question_id`,`answer_id`) VALUES (7,39);
INSERT INTO question_answer(`question_id`,`answer_id`) VALUES (7,40);
INSERT INTO question_answer(`question_id`,`answer_id`) VALUES (7,41);
INSERT INTO question_answer(`question_id`,`answer_id`) VALUES (7,42);
INSERT INTO question_answer(`question_id`,`answer_id`) VALUES (8,43);
INSERT INTO question_answer(`question_id`,`answer_id`) VALUES (8,44);
INSERT INTO question_answer(`question_id`,`answer_id`) VALUES (8,45);
INSERT INTO question_answer(`question_id`,`answer_id`) VALUES (8,46);
INSERT INTO question_answer(`question_id`,`answer_id`) VALUES (8,47);
INSERT INTO question_answer(`question_id`,`answer_id`) VALUES (8,48);
INSERT INTO question_answer(`question_id`,`answer_id`) VALUES (9,49);
INSERT INTO question_answer(`question_id`,`answer_id`) VALUES (9,50);
INSERT INTO question_answer(`question_id`,`answer_id`) VALUES (9,51);
INSERT INTO question_answer(`question_id`,`answer_id`) VALUES (9,52);
INSERT INTO question_answer(`question_id`,`answer_id`) VALUES (9,53);
INSERT INTO question_answer(`question_id`,`answer_id`) VALUES (9,54);
INSERT INTO question_answer(`question_id`,`answer_id`) VALUES (10,55);
INSERT INTO question_answer(`question_id`,`answer_id`) VALUES (10,56);
INSERT INTO question_answer(`question_id`,`answer_id`) VALUES (10,57);
INSERT INTO question_answer(`question_id`,`answer_id`) VALUES (10,58);
INSERT INTO question_answer(`question_id`,`answer_id`) VALUES (10,59);
INSERT INTO question_answer(`question_id`,`answer_id`) VALUES (10,60);
INSERT INTO question_answer(`question_id`,`answer_id`) VALUES (11,61);
INSERT INTO question_answer(`question_id`,`answer_id`) VALUES (11,62);
INSERT INTO question_answer(`question_id`,`answer_id`) VALUES (11,63);
INSERT INTO question_answer(`question_id`,`answer_id`) VALUES (11,64);
INSERT INTO question_answer(`question_id`,`answer_id`) VALUES (11,65);
INSERT INTO question_answer(`question_id`,`answer_id`) VALUES (11,66);
INSERT INTO question_answer(`question_id`,`answer_id`) VALUES (12,67);
INSERT INTO question_answer(`question_id`,`answer_id`) VALUES (12,68);
INSERT INTO question_answer(`question_id`,`answer_id`) VALUES (12,69);
INSERT INTO question_answer(`question_id`,`answer_id`) VALUES (12,70);
INSERT INTO question_answer(`question_id`,`answer_id`) VALUES (12,71);
INSERT INTO question_answer(`question_id`,`answer_id`) VALUES (12,72);
INSERT INTO question_answer(`question_id`,`answer_id`) VALUES (13,73);
INSERT INTO question_answer(`question_id`,`answer_id`) VALUES (13,74);
INSERT INTO question_answer(`question_id`,`answer_id`) VALUES (13,75);
INSERT INTO question_answer(`question_id`,`answer_id`) VALUES (13,76);
INSERT INTO question_answer(`question_id`,`answer_id`) VALUES (13,77);
INSERT INTO question_answer(`question_id`,`answer_id`) VALUES (13,78);
INSERT INTO question_answer(`question_id`,`answer_id`) VALUES (14,79);
INSERT INTO question_answer(`question_id`,`answer_id`) VALUES (14,80);
INSERT INTO question_answer(`question_id`,`answer_id`) VALUES (14,81);
INSERT INTO question_answer(`question_id`,`answer_id`) VALUES (14,82);
INSERT INTO question_answer(`question_id`,`answer_id`) VALUES (14,83);
INSERT INTO question_answer(`question_id`,`answer_id`) VALUES (14,84);
INSERT INTO question_answer(`question_id`,`answer_id`) VALUES (15,85);
INSERT INTO question_answer(`question_id`,`answer_id`) VALUES (15,86);
INSERT INTO question_answer(`question_id`,`answer_id`) VALUES (15,87);
INSERT INTO question_answer(`question_id`,`answer_id`) VALUES (15,88);
INSERT INTO question_answer(`question_id`,`answer_id`) VALUES (15,89);
INSERT INTO question_answer(`question_id`,`answer_id`) VALUES (15,90);
INSERT INTO question_answer(`question_id`,`answer_id`) VALUES (16,91);
INSERT INTO question_answer(`question_id`,`answer_id`) VALUES (16,92);
INSERT INTO question_answer(`question_id`,`answer_id`) VALUES (16,93);
INSERT INTO question_answer(`question_id`,`answer_id`) VALUES (16,94);
INSERT INTO question_answer(`question_id`,`answer_id`) VALUES (16,95);
INSERT INTO question_answer(`question_id`,`answer_id`) VALUES (16,96);
INSERT INTO question_answer(`question_id`,`answer_id`) VALUES (17,97);
INSERT INTO question_answer(`question_id`,`answer_id`) VALUES (17,98);
INSERT INTO question_answer(`question_id`,`answer_id`) VALUES (17,99);
INSERT INTO question_answer(`question_id`,`answer_id`) VALUES (17,100);
INSERT INTO question_answer(`question_id`,`answer_id`) VALUES (17,101);
INSERT INTO question_answer(`question_id`,`answer_id`) VALUES (17,102);
INSERT INTO question_answer(`question_id`,`answer_id`) VALUES (18,103);
INSERT INTO question_answer(`question_id`,`answer_id`) VALUES (18,104);
INSERT INTO question_answer(`question_id`,`answer_id`) VALUES (18,105);
INSERT INTO question_answer(`question_id`,`answer_id`) VALUES (18,106);
INSERT INTO question_answer(`question_id`,`answer_id`) VALUES (18,107);
INSERT INTO question_answer(`question_id`,`answer_id`) VALUES (18,108);
INSERT INTO question_answer(`question_id`,`answer_id`) VALUES (19,109);
INSERT INTO question_answer(`question_id`,`answer_id`) VALUES (19,110);
INSERT INTO question_answer(`question_id`,`answer_id`) VALUES (19,111);
INSERT INTO question_answer(`question_id`,`answer_id`) VALUES (19,112);
INSERT INTO question_answer(`question_id`,`answer_id`) VALUES (19,113);
INSERT INTO question_answer(`question_id`,`answer_id`) VALUES (19,114);
INSERT INTO question_answer(`question_id`,`answer_id`) VALUES (20,115);
INSERT INTO question_answer(`question_id`,`answer_id`) VALUES (20,116);
INSERT INTO question_answer(`question_id`,`answer_id`) VALUES (20,117);
INSERT INTO question_answer(`question_id`,`answer_id`) VALUES (20,118);
INSERT INTO question_answer(`question_id`,`answer_id`) VALUES (20,119);
INSERT INTO question_answer(`question_id`,`answer_id`) VALUES (20,120);
COMMIT;


INSERT INTO test_testquestion(`test_id`,`test_question_id`) VALUES (1,1);
INSERT INTO test_testquestion(`test_id`,`test_question_id`) VALUES (1,2);
INSERT INTO test_testquestion(`test_id`,`test_question_id`) VALUES (1,3);
INSERT INTO test_testquestion(`test_id`,`test_question_id`) VALUES (1,4);
INSERT INTO test_testquestion(`test_id`,`test_question_id`) VALUES (1,5);
INSERT INTO test_testquestion(`test_id`,`test_question_id`) VALUES (2,6);
INSERT INTO test_testquestion(`test_id`,`test_question_id`) VALUES (2,7);
INSERT INTO test_testquestion(`test_id`,`test_question_id`) VALUES (2,8);
INSERT INTO test_testquestion(`test_id`,`test_question_id`) VALUES (2,9);
INSERT INTO test_testquestion(`test_id`,`test_question_id`) VALUES (2,10);
INSERT INTO test_testquestion(`test_id`,`test_question_id`) VALUES (3,11);
INSERT INTO test_testquestion(`test_id`,`test_question_id`) VALUES (3,12);
INSERT INTO test_testquestion(`test_id`,`test_question_id`) VALUES (3,13);
INSERT INTO test_testquestion(`test_id`,`test_question_id`) VALUES (3,14);
INSERT INTO test_testquestion(`test_id`,`test_question_id`) VALUES (3,15);
INSERT INTO test_testquestion(`test_id`,`test_question_id`) VALUES (4,16);
INSERT INTO test_testquestion(`test_id`,`test_question_id`) VALUES (4,17);
INSERT INTO test_testquestion(`test_id`,`test_question_id`) VALUES (4,18);
INSERT INTO test_testquestion(`test_id`,`test_question_id`) VALUES (4,19);
INSERT INTO test_testquestion(`test_id`,`test_question_id`) VALUES (4,20);
INSERT INTO test_testquestion(`test_id`,`test_question_id`) VALUES (5,21);
INSERT INTO test_testquestion(`test_id`,`test_question_id`) VALUES (5,22);
INSERT INTO test_testquestion(`test_id`,`test_question_id`) VALUES (5,23);
INSERT INTO test_testquestion(`test_id`,`test_question_id`) VALUES (5,24);
INSERT INTO test_testquestion(`test_id`,`test_question_id`) VALUES (5,25);
INSERT INTO test_testquestion(`test_id`,`test_question_id`) VALUES (6,26);
INSERT INTO test_testquestion(`test_id`,`test_question_id`) VALUES (6,27);
INSERT INTO test_testquestion(`test_id`,`test_question_id`) VALUES (6,28);
INSERT INTO test_testquestion(`test_id`,`test_question_id`) VALUES (6,29);
INSERT INTO test_testquestion(`test_id`,`test_question_id`) VALUES (6,30);
INSERT INTO test_testquestion(`test_id`,`test_question_id`) VALUES (7,31);
INSERT INTO test_testquestion(`test_id`,`test_question_id`) VALUES (7,32);
INSERT INTO test_testquestion(`test_id`,`test_question_id`) VALUES (7,33);
INSERT INTO test_testquestion(`test_id`,`test_question_id`) VALUES (7,34);
INSERT INTO test_testquestion(`test_id`,`test_question_id`) VALUES (7,35);
INSERT INTO test_testquestion(`test_id`,`test_question_id`) VALUES (8,36);
INSERT INTO test_testquestion(`test_id`,`test_question_id`) VALUES (8,37);
INSERT INTO test_testquestion(`test_id`,`test_question_id`) VALUES (8,38);
INSERT INTO test_testquestion(`test_id`,`test_question_id`) VALUES (8,39);
INSERT INTO test_testquestion(`test_id`,`test_question_id`) VALUES (8,40);
COMMIT;


SET FOREIGN_KEY_CHECKS = 1; 
