SET FOREIGN_KEY_CHECKS = 0; 
truncate table answer;
truncate table question;
truncate table sub_category;
truncate table category;
truncate table user;
truncate table user_role;
truncate table role;
truncate table test_question;
truncate table test;
truncate table grade;

truncate table cat_subcat;
truncate table question_answer;
truncate table question_subcat;
truncate table test_testquestion;
truncate table user_test;

SET FOREIGN_KEY_CHECKS = 1;


INSERT INTO GRADE(`GRADE_ID`,`MIN`,`MAX`,`GRADE`) VALUES (1,95.1,100,'A');
INSERT INTO GRADE(`GRADE_ID`,`MIN`,`MAX`,`GRADE`) VALUES (2,90.1,95,'A-');
INSERT INTO GRADE(`GRADE_ID`,`MIN`,`MAX`,`GRADE`) VALUES (3,85.1,90,'B+');
INSERT INTO GRADE(`GRADE_ID`,`MIN`,`MAX`,`GRADE`) VALUES (4,80.1,85,'B');
INSERT INTO GRADE(`GRADE_ID`,`MIN`,`MAX`,`GRADE`) VALUES (5,75.1,80,'B-');
INSERT INTO GRADE(`GRADE_ID`,`MIN`,`MAX`,`GRADE`) VALUES (6,0,75,'NC');
COMMIT;

INSERT INTO ROLE(`ROLE_ID`,`ROLE_NAME`) VALUES (1,'ADMIN');
INSERT INTO ROLE(`ROLE_ID`,`ROLE_NAME`) VALUES (2,'COACH');
INSERT INTO ROLE(`ROLE_ID`,`ROLE_NAME`) VALUES (3,'DATA ENTRY MANAGER');
INSERT INTO ROLE(`ROLE_ID`,`ROLE_NAME`) VALUES (4,'STUDENT');
COMMIT;


INSERT INTO USER(`USER_ID`,`USERNAME`,`PASSWORD`,`FIRST_NAME`,`LAST_NAME`,`EMAIL`,`COACH_ID`) VALUES (1,'root','root','Admin','System','root@mum.edu',null);
INSERT INTO USER(`USER_ID`,`USERNAME`,`PASSWORD`,`FIRST_NAME`,`LAST_NAME`,`EMAIL`,`COACH_ID`) VALUES (2,'coach1','coach1','Joe','Donut','coach1@mum.edu',null);
INSERT INTO USER(`USER_ID`,`USERNAME`,`PASSWORD`,`FIRST_NAME`,`LAST_NAME`,`EMAIL`,`COACH_ID`) VALUES (3,'coach2','coach2','Elvis','Presley','elvis@mum.edu',null);
commit;

INSERT INTO USER(`USER_ID`,`USERNAME`,`PASSWORD`,`FIRST_NAME`,`LAST_NAME`,`EMAIL`,`COACH_ID`) VALUES (4,'dem1','dem1','Lionel','Messi','messi@mum.edu',null);
INSERT INTO USER(`USER_ID`,`USERNAME`,`PASSWORD`,`FIRST_NAME`,`LAST_NAME`,`EMAIL`,`COACH_ID`) VALUES (5,'student1','student1','Cristiano','Ronaldo','cr7@mum.edu',2);
INSERT INTO USER(`USER_ID`,`USERNAME`,`PASSWORD`,`FIRST_NAME`,`LAST_NAME`,`EMAIL`,`COACH_ID`) VALUES (6,'student2','student2','Neymar','Jr','neymar@mum.edu',3);
INSERT INTO USER(`USER_ID`,`USERNAME`,`PASSWORD`,`FIRST_NAME`,`LAST_NAME`,`EMAIL`,`COACH_ID`) VALUES (7,'student3','student3','Ronaldinho','Gaucho','ronaldinho@mum.edu',3);
COMMIT;

INSERT INTO USER_ROLE(`USER_ID`,`ROLE_ID`) VALUES (1,1);
INSERT INTO USER_ROLE(`USER_ID`,`ROLE_ID`) VALUES (2,2);
INSERT INTO USER_ROLE(`USER_ID`,`ROLE_ID`) VALUES (3,2);
INSERT INTO USER_ROLE(`USER_ID`,`ROLE_ID`) VALUES (4,3);
INSERT INTO USER_ROLE(`USER_ID`,`ROLE_ID`) VALUES (5,4);
INSERT INTO USER_ROLE(`USER_ID`,`ROLE_ID`) VALUES (6,4);
INSERT INTO USER_ROLE(`USER_ID`,`ROLE_ID`) VALUES (7,4);
COMMIT;



INSERT INTO CATEGORY(`CAT_ID`,`DESCRIPTION`) VALUES (1,'Java');
INSERT INTO CATEGORY(`CAT_ID`,`DESCRIPTION`) VALUES (2,'C#');
COMMIT;

INSERT INTO SUB_CATEGORY(`SUB_CAT_ID`,`DESCRIPTION`) VALUES (1,'Java Sub Cat 1');
INSERT INTO SUB_CATEGORY(`SUB_CAT_ID`,`DESCRIPTION`) VALUES (2,'Java Sub Cat 2');
INSERT INTO SUB_CATEGORY(`SUB_CAT_ID`,`DESCRIPTION`) VALUES (3,'C# Sub Cat 1');
INSERT INTO SUB_CATEGORY(`SUB_CAT_ID`,`DESCRIPTION`) VALUES (4,'C# Sub Cat 2');
COMMIT;

INSERT INTO CAT_SUBCAT(`CAT_ID`,`SUB_CAT_ID`) VALUES (1,1);
INSERT INTO CAT_SUBCAT(`CAT_ID`,`SUB_CAT_ID`) VALUES (1,2);
INSERT INTO CAT_SUBCAT(`CAT_ID`,`SUB_CAT_ID`) VALUES (2,3);
INSERT INTO CAT_SUBCAT(`CAT_ID`,`SUB_CAT_ID`) VALUES (2,4);
COMMIT;


INSERT INTO QUESTION(`QUESTION_ID`,`DESCRIPTION`) VALUES (1,'Which of the following is true about file structures?');
INSERT INTO QUESTION(`QUESTION_ID`,`DESCRIPTION`) VALUES (2,'Which of the following is true about Primitives?');
INSERT INTO QUESTION(`QUESTION_ID`,`DESCRIPTION`) VALUES (3,'Synchronized modifier can be used on ');
INSERT INTO QUESTION(`QUESTION_ID`,`DESCRIPTION`) VALUES (4,'Inheritance, Overloading, Overriding provide ');
INSERT INTO QUESTION(`QUESTION_ID`,`DESCRIPTION`) VALUES (5,'What are are the states of a thread?');
INSERT INTO QUESTION(`QUESTION_ID`,`DESCRIPTION`) VALUES (6,'Constructors are ');
INSERT INTO QUESTION(`QUESTION_ID`,`DESCRIPTION`) VALUES (7,'The modulo (%) operator provides or gives');
INSERT INTO QUESTION(`QUESTION_ID`,`DESCRIPTION`) VALUES (8,'The private access modifier ');
INSERT INTO QUESTION(`QUESTION_ID`,`DESCRIPTION`) VALUES (9,'Garbage Collection ');
INSERT INTO QUESTION(`QUESTION_ID`,`DESCRIPTION`) VALUES (10,'The Alive() method is available in which class?');
INSERT INTO QUESTION(`QUESTION_ID`,`DESCRIPTION`) VALUES (11,'What are the uses of delegates in C#?');
INSERT INTO QUESTION(`QUESTION_ID`,`DESCRIPTION`) VALUES (12,'Which properties are part of the Thread class in C#?');
INSERT INTO QUESTION(`QUESTION_ID`,`DESCRIPTION`) VALUES (13,'What are the states of a thread in C#?');
INSERT INTO QUESTION(`QUESTION_ID`,`DESCRIPTION`) VALUES (14,'The finally block is never executed in C# when ');
INSERT INTO QUESTION(`QUESTION_ID`,`DESCRIPTION`) VALUES (15,'Which of the following is true?');
INSERT INTO QUESTION(`QUESTION_ID`,`DESCRIPTION`) VALUES (16,'The pre defined attributes in C# are');
INSERT INTO QUESTION(`QUESTION_ID`,`DESCRIPTION`) VALUES (17,'Unit test case types in C# include ');
INSERT INTO QUESTION(`QUESTION_ID`,`DESCRIPTION`) VALUES (18,'Which of the following does not exist in C#?');
INSERT INTO QUESTION(`QUESTION_ID`,`DESCRIPTION`) VALUES (19,'What is the difference between value types and reference types?');
INSERT INTO QUESTION(`QUESTION_ID`,`DESCRIPTION`) VALUES (20,'Polymorphism in C# is');
COMMIT;

INSERT INTO ANSWER(`ANSWER_ID`,`DESCRIPTION`,`ISRIGHTANSWER`) VALUES (1,'A package statement must appear as the first statement of a source file followed by import statements and class or interface definition',FALSE);
INSERT INTO ANSWER(`ANSWER_ID`,`DESCRIPTION`,`ISRIGHTANSWER`) VALUES (2,'There are 7 primitive data types in java. ',FALSE);
INSERT INTO ANSWER(`ANSWER_ID`,`DESCRIPTION`,`ISRIGHTANSWER`) VALUES (3,'blocks of code and variables',FALSE);
INSERT INTO ANSWER(`ANSWER_ID`,`DESCRIPTION`,`ISRIGHTANSWER`) VALUES (4,'flexible code',FALSE);
INSERT INTO ANSWER(`ANSWER_ID`,`DESCRIPTION`,`ISRIGHTANSWER`) VALUES (5,'Runnable, Wait, Notify, Yield',FALSE);
INSERT INTO ANSWER(`ANSWER_ID`,`DESCRIPTION`,`ISRIGHTANSWER`) VALUES (6,'used for creating an instance',FALSE);
INSERT INTO ANSWER(`ANSWER_ID`,`DESCRIPTION`,`ISRIGHTANSWER`) VALUES (7,'the remainder after division',TRUE);
INSERT INTO ANSWER(`ANSWER_ID`,`DESCRIPTION`,`ISRIGHTANSWER`) VALUES (8,'allows access to the subclasses. ',FALSE);
INSERT INTO ANSWER(`ANSWER_ID`,`DESCRIPTION`,`ISRIGHTANSWER`) VALUES (9,'runs as a low priority  thread ',TRUE);
INSERT INTO ANSWER(`ANSWER_ID`,`DESCRIPTION`,`ISRIGHTANSWER`) VALUES (10,'Activator',FALSE);
INSERT INTO ANSWER(`ANSWER_ID`,`DESCRIPTION`,`ISRIGHTANSWER`) VALUES (11,'Callback Mechanism ',FALSE);
INSERT INTO ANSWER(`ANSWER_ID`,`DESCRIPTION`,`ISRIGHTANSWER`) VALUES (12,'JoinThread',FALSE);
INSERT INTO ANSWER(`ANSWER_ID`,`DESCRIPTION`,`ISRIGHTANSWER`) VALUES (13,'Unstarted',FALSE);
INSERT INTO ANSWER(`ANSWER_ID`,`DESCRIPTION`,`ISRIGHTANSWER`) VALUES (14,'a return statement is in the try block',FALSE);
INSERT INTO ANSWER(`ANSWER_ID`,`DESCRIPTION`,`ISRIGHTANSWER`) VALUES (15,'The Nullable Coalescing Operator can be used with reference types',FALSE);
INSERT INTO ANSWER(`ANSWER_ID`,`DESCRIPTION`,`ISRIGHTANSWER`) VALUES (16,'AttributeUsage, Conditional, Obsolete',TRUE);
INSERT INTO ANSWER(`ANSWER_ID`,`DESCRIPTION`,`ISRIGHTANSWER`) VALUES (17,'Additive Test cases, Reductive Test cases, Exception Test cases',FALSE);
INSERT INTO ANSWER(`ANSWER_ID`,`DESCRIPTION`,`ISRIGHTANSWER`) VALUES (18,'Single-Dimensional Arrays',FALSE);
INSERT INTO ANSWER(`ANSWER_ID`,`DESCRIPTION`,`ISRIGHTANSWER`) VALUES (19,'Reference type parameters use more memory than value type parameters.',FALSE);
INSERT INTO ANSWER(`ANSWER_ID`,`DESCRIPTION`,`ISRIGHTANSWER`) VALUES (20,'the ability of a programming language to process objects in different ways depending on their data type or class.',TRUE);

INSERT INTO ANSWER(`ANSWER_ID`,`DESCRIPTION`,`ISRIGHTANSWER`) VALUES (21,'A source file can contain any number of non-public classes.',FALSE);
INSERT INTO ANSWER(`ANSWER_ID`,`DESCRIPTION`,`ISRIGHTANSWER`) VALUES (22,'Primitive data types can be objects.',FALSE);
INSERT INTO ANSWER(`ANSWER_ID`,`DESCRIPTION`,`ISRIGHTANSWER`) VALUES (23,'primitives and methods',FALSE);
INSERT INTO ANSWER(`ANSWER_ID`,`DESCRIPTION`,`ISRIGHTANSWER`) VALUES (24,'polymorphism ',TRUE);
INSERT INTO ANSWER(`ANSWER_ID`,`DESCRIPTION`,`ISRIGHTANSWER`) VALUES (25,'Start, Running, Waiting, Terminate',FALSE);
INSERT INTO ANSWER(`ANSWER_ID`,`DESCRIPTION`,`ISRIGHTANSWER`) VALUES (26,'inherited',FALSE);
INSERT INTO ANSWER(`ANSWER_ID`,`DESCRIPTION`,`ISRIGHTANSWER`) VALUES (27,'precedence to an operator',FALSE);
INSERT INTO ANSWER(`ANSWER_ID`,`DESCRIPTION`,`ISRIGHTANSWER`) VALUES (28,'allows access only from within the class. ',TRUE);
INSERT INTO ANSWER(`ANSWER_ID`,`DESCRIPTION`,`ISRIGHTANSWER`) VALUES (29,'requires explicit coding (like destructors) ',FALSE);
INSERT INTO ANSWER(`ANSWER_ID`,`DESCRIPTION`,`ISRIGHTANSWER`) VALUES (30,'Thread',TRUE);
INSERT INTO ANSWER(`ANSWER_ID`,`DESCRIPTION`,`ISRIGHTANSWER`) VALUES (31,'Asynchronous Processing',FALSE);
INSERT INTO ANSWER(`ANSWER_ID`,`DESCRIPTION`,`ISRIGHTANSWER`) VALUES (32,'Resume',FALSE);
INSERT INTO ANSWER(`ANSWER_ID`,`DESCRIPTION`,`ISRIGHTANSWER`) VALUES (33,'Started',TRUE);
INSERT INTO ANSWER(`ANSWER_ID`,`DESCRIPTION`,`ISRIGHTANSWER`) VALUES (34,'Environment.Exit is in the try block',FALSE);
INSERT INTO ANSWER(`ANSWER_ID`,`DESCRIPTION`,`ISRIGHTANSWER`) VALUES (35,'The Nullable Coalescing Operator can be used with reference types and nullable value types',TRUE);
INSERT INTO ANSWER(`ANSWER_ID`,`DESCRIPTION`,`ISRIGHTANSWER`) VALUES (36,'Attribute, Unconditional, Obsolete',FALSE);
INSERT INTO ANSWER(`ANSWER_ID`,`DESCRIPTION`,`ISRIGHTANSWER`) VALUES (37,'Additive Test cases, Reductive Test cases, Non Change Test cases',FALSE);
INSERT INTO ANSWER(`ANSWER_ID`,`DESCRIPTION`,`ISRIGHTANSWER`) VALUES (38,'Mulitdimensional Arrays',FALSE);
INSERT INTO ANSWER(`ANSWER_ID`,`DESCRIPTION`,`ISRIGHTANSWER`) VALUES (39,'Reference types can be boxed and unboxed. Value types cannot. ',FALSE);
INSERT INTO ANSWER(`ANSWER_ID`,`DESCRIPTION`,`ISRIGHTANSWER`) VALUES (40,'The ability of a programming language to process methods in different ways.',FALSE);

INSERT INTO ANSWER(`ANSWER_ID`,`DESCRIPTION`,`ISRIGHTANSWER`) VALUES (41,'If a class or interface is without a package name, then those are put into a default no name package.',FALSE);
INSERT INTO ANSWER(`ANSWER_ID`,`DESCRIPTION`,`ISRIGHTANSWER`) VALUES (42,'A boolean is 8 bits in size and stores true or false. It''s default value is true.',FALSE);
INSERT INTO ANSWER(`ANSWER_ID`,`DESCRIPTION`,`ISRIGHTANSWER`) VALUES (43,'classes and methods',FALSE);
INSERT INTO ANSWER(`ANSWER_ID`,`DESCRIPTION`,`ISRIGHTANSWER`) VALUES (44,'mulitple inheritance',FALSE);
INSERT INTO ANSWER(`ANSWER_ID`,`DESCRIPTION`,`ISRIGHTANSWER`) VALUES (45,'Ready, Running, Waiting, Dead',TRUE);
INSERT INTO ANSWER(`ANSWER_ID`,`DESCRIPTION`,`ISRIGHTANSWER`) VALUES (46,'required for every class',FALSE);
INSERT INTO ANSWER(`ANSWER_ID`,`DESCRIPTION`,`ISRIGHTANSWER`) VALUES (47,'the mode or state of a thread',FALSE);
INSERT INTO ANSWER(`ANSWER_ID`,`DESCRIPTION`,`ISRIGHTANSWER`) VALUES (48,'can be used as a class modifier.',FALSE);
INSERT INTO ANSWER(`ANSWER_ID`,`DESCRIPTION`,`ISRIGHTANSWER`) VALUES (49,'is automatic and instant',FALSE);
INSERT INTO ANSWER(`ANSWER_ID`,`DESCRIPTION`,`ISRIGHTANSWER`) VALUES (50,'ThreadDeath',FALSE);
INSERT INTO ANSWER(`ANSWER_ID`,`DESCRIPTION`,`ISRIGHTANSWER`) VALUES (51,'Abstract Encapsulate method',FALSE);
INSERT INTO ANSWER(`ANSWER_ID`,`DESCRIPTION`,`ISRIGHTANSWER`) VALUES (52,'IsThreadPoolThread',TRUE);
INSERT INTO ANSWER(`ANSWER_ID`,`DESCRIPTION`,`ISRIGHTANSWER`) VALUES (53,'Sleeping',FALSE);
INSERT INTO ANSWER(`ANSWER_ID`,`DESCRIPTION`,`ISRIGHTANSWER`) VALUES (54,'Application.Exit is in the try block',FALSE);
INSERT INTO ANSWER(`ANSWER_ID`,`DESCRIPTION`,`ISRIGHTANSWER`) VALUES (55,'The Nullable Coalescing Operator can be used with variables',FALSE);
INSERT INTO ANSWER(`ANSWER_ID`,`DESCRIPTION`,`ISRIGHTANSWER`) VALUES (56,'Attribute, Conditional, Obsolete',FALSE);
INSERT INTO ANSWER(`ANSWER_ID`,`DESCRIPTION`,`ISRIGHTANSWER`) VALUES (57,'Positive Test cases, Negative Test cases, Exception Test cases',TRUE);
INSERT INTO ANSWER(`ANSWER_ID`,`DESCRIPTION`,`ISRIGHTANSWER`) VALUES (58,'Implicitly Typed Arrays',FALSE);
INSERT INTO ANSWER(`ANSWER_ID`,`DESCRIPTION`,`ISRIGHTANSWER`) VALUES (59,'Value types have an unlimited lifetime, reference types do not.',FALSE);
INSERT INTO ANSWER(`ANSWER_ID`,`DESCRIPTION`,`ISRIGHTANSWER`) VALUES (60,'Different ways of allocating memory for the data types',FALSE);

INSERT INTO ANSWER(`ANSWER_ID`,`DESCRIPTION`,`ISRIGHTANSWER`) VALUES (61,'Two public classes in the same file are not allowed',FALSE);
INSERT INTO ANSWER(`ANSWER_ID`,`DESCRIPTION`,`ISRIGHTANSWER`) VALUES (62,'The order of public and static before the main method does not matter but void should always come before mainO',TRUE);
INSERT INTO ANSWER(`ANSWER_ID`,`DESCRIPTION`,`ISRIGHTANSWER`) VALUES (63,'variables and classes',FALSE);
INSERT INTO ANSWER(`ANSWER_ID`,`DESCRIPTION`,`ISRIGHTANSWER`) VALUES (64,'class structure',FALSE);
INSERT INTO ANSWER(`ANSWER_ID`,`DESCRIPTION`,`ISRIGHTANSWER`) VALUES (65,'Executing, Sleeping, Waiting, Stopped',FALSE);
INSERT INTO ANSWER(`ANSWER_ID`,`DESCRIPTION`,`ISRIGHTANSWER`) VALUES (66,'none of the above',TRUE);
INSERT INTO ANSWER(`ANSWER_ID`,`DESCRIPTION`,`ISRIGHTANSWER`) VALUES (67,'the mode or state of a synchronized block of code',FALSE);
INSERT INTO ANSWER(`ANSWER_ID`,`DESCRIPTION`,`ISRIGHTANSWER`) VALUES (68,'can be used on a constructor',FALSE);
INSERT INTO ANSWER(`ANSWER_ID`,`DESCRIPTION`,`ISRIGHTANSWER`) VALUES (69,'is triggered by the finalize() method ',FALSE);
INSERT INTO ANSWER(`ANSWER_ID`,`DESCRIPTION`,`ISRIGHTANSWER`) VALUES (70,'ThreadGroup',FALSE);
INSERT INTO ANSWER(`ANSWER_ID`,`DESCRIPTION`,`ISRIGHTANSWER`) VALUES (71,'Multicasting',FALSE);
INSERT INTO ANSWER(`ANSWER_ID`,`DESCRIPTION`,`ISRIGHTANSWER`) VALUES (72,'SuspendThread',FALSE);
INSERT INTO ANSWER(`ANSWER_ID`,`DESCRIPTION`,`ISRIGHTANSWER`) VALUES (73,'Terminated',FALSE);
INSERT INTO ANSWER(`ANSWER_ID`,`DESCRIPTION`,`ISRIGHTANSWER`) VALUES (74,'the try block does not get called',TRUE);
INSERT INTO ANSWER(`ANSWER_ID`,`DESCRIPTION`,`ISRIGHTANSWER`) VALUES (75,'The Nullable Coalescing Operator cannot be used with C# built-in Data Types',FALSE);
INSERT INTO ANSWER(`ANSWER_ID`,`DESCRIPTION`,`ISRIGHTANSWER`) VALUES (76,'Unrestricted, Conditional, Obsolete',FALSE);
INSERT INTO ANSWER(`ANSWER_ID`,`DESCRIPTION`,`ISRIGHTANSWER`) VALUES (77,'Model Test cases, View Test cases, Controller Test cases',FALSE);
INSERT INTO ANSWER(`ANSWER_ID`,`DESCRIPTION`,`ISRIGHTANSWER`) VALUES (78,'Broadcast Arrays',TRUE);
INSERT INTO ANSWER(`ANSWER_ID`,`DESCRIPTION`,`ISRIGHTANSWER`) VALUES (79,'Built-in data types can be passed as value type parameters, but not reference type parameters.',FALSE);
INSERT INTO ANSWER(`ANSWER_ID`,`DESCRIPTION`,`ISRIGHTANSWER`) VALUES (80,'supported by overloading and overriding objects.',FALSE);

INSERT INTO ANSWER(`ANSWER_ID`,`DESCRIPTION`,`ISRIGHTANSWER`) VALUES (81,'All of the above',TRUE);
INSERT INTO ANSWER(`ANSWER_ID`,`DESCRIPTION`,`ISRIGHTANSWER`) VALUES (82,'main method()''s return type is integer',FALSE);
INSERT INTO ANSWER(`ANSWER_ID`,`DESCRIPTION`,`ISRIGHTANSWER`) VALUES (83,'blocks of code and methods',TRUE);
INSERT INTO ANSWER(`ANSWER_ID`,`DESCRIPTION`,`ISRIGHTANSWER`) VALUES (84,'support for method creation',FALSE);
INSERT INTO ANSWER(`ANSWER_ID`,`DESCRIPTION`,`ISRIGHTANSWER`) VALUES (85,'Started, Sleeping, Notified, Stopped',FALSE);
INSERT INTO ANSWER(`ANSWER_ID`,`DESCRIPTION`,`ISRIGHTANSWER`) VALUES (86,'all of the above',FALSE);
INSERT INTO ANSWER(`ANSWER_ID`,`DESCRIPTION`,`ISRIGHTANSWER`) VALUES (87,'a bracket for comments',FALSE);
INSERT INTO ANSWER(`ANSWER_ID`,`DESCRIPTION`,`ISRIGHTANSWER`) VALUES (88,'None of the above',FALSE);
INSERT INTO ANSWER(`ANSWER_ID`,`DESCRIPTION`,`ISRIGHTANSWER`) VALUES (89,'runs when there are no references to the object',FALSE);
INSERT INTO ANSWER(`ANSWER_ID`,`DESCRIPTION`,`ISRIGHTANSWER`) VALUES (90,'VerifyError',FALSE);
INSERT INTO ANSWER(`ANSWER_ID`,`DESCRIPTION`,`ISRIGHTANSWER`) VALUES (91,'All of the Above',TRUE);
INSERT INTO ANSWER(`ANSWER_ID`,`DESCRIPTION`,`ISRIGHTANSWER`) VALUES (92,'All of the Above',FALSE);
INSERT INTO ANSWER(`ANSWER_ID`,`DESCRIPTION`,`ISRIGHTANSWER`) VALUES (93,'All of the Above',FALSE);
INSERT INTO ANSWER(`ANSWER_ID`,`DESCRIPTION`,`ISRIGHTANSWER`) VALUES (94,'All of the Above',FALSE);
INSERT INTO ANSWER(`ANSWER_ID`,`DESCRIPTION`,`ISRIGHTANSWER`) VALUES (95,'The Nullable Coalescing Operator can be used with classes and all value types',FALSE);
INSERT INTO ANSWER(`ANSWER_ID`,`DESCRIPTION`,`ISRIGHTANSWER`) VALUES (96,'Unrestricted, Unconditional, Obsolete',FALSE);
INSERT INTO ANSWER(`ANSWER_ID`,`DESCRIPTION`,`ISRIGHTANSWER`) VALUES (97,'Model Test cases, View Test cases, Database Test cases',FALSE);
INSERT INTO ANSWER(`ANSWER_ID`,`DESCRIPTION`,`ISRIGHTANSWER`) VALUES (98,'Jagged Arrays',FALSE);
INSERT INTO ANSWER(`ANSWER_ID`,`DESCRIPTION`,`ISRIGHTANSWER`) VALUES (99,'Value types are stored in the Stack and reference types stored on heap.',TRUE);
INSERT INTO ANSWER(`ANSWER_ID`,`DESCRIPTION`,`ISRIGHTANSWER`) VALUES (100,'supported by inheritance.',FALSE);

INSERT INTO ANSWER(`ANSWER_ID`,`DESCRIPTION`,`ISRIGHTANSWER`) VALUES (101,'All of the above',FALSE);
INSERT INTO ANSWER(`ANSWER_ID`,`DESCRIPTION`,`ISRIGHTANSWER`) VALUES (102,'The order of public and static before the main method does not matter but void should always come before mainO',FALSE);
INSERT INTO ANSWER(`ANSWER_ID`,`DESCRIPTION`,`ISRIGHTANSWER`) VALUES (103,'blocks of code and methods',FALSE);
INSERT INTO ANSWER(`ANSWER_ID`,`DESCRIPTION`,`ISRIGHTANSWER`) VALUES (104,'Polymorphism ',FALSE);
INSERT INTO ANSWER(`ANSWER_ID`,`DESCRIPTION`,`ISRIGHTANSWER`) VALUES (105,'Ready, Running, Waiting, Dead',FALSE);
INSERT INTO ANSWER(`ANSWER_ID`,`DESCRIPTION`,`ISRIGHTANSWER`) VALUES (106,'none of the above',FALSE);
INSERT INTO ANSWER(`ANSWER_ID`,`DESCRIPTION`,`ISRIGHTANSWER`) VALUES (107,'the remainder after division',FALSE);
INSERT INTO ANSWER(`ANSWER_ID`,`DESCRIPTION`,`ISRIGHTANSWER`) VALUES (108,'allows access only from within the class. ',FALSE);
INSERT INTO ANSWER(`ANSWER_ID`,`DESCRIPTION`,`ISRIGHTANSWER`) VALUES (109,'runs as a low priority  thread ',FALSE);
INSERT INTO ANSWER(`ANSWER_ID`,`DESCRIPTION`,`ISRIGHTANSWER`) VALUES (110,'Thread',FALSE);
INSERT INTO ANSWER(`ANSWER_ID`,`DESCRIPTION`,`ISRIGHTANSWER`) VALUES (111,'All of the Above',FALSE);
INSERT INTO ANSWER(`ANSWER_ID`,`DESCRIPTION`,`ISRIGHTANSWER`) VALUES (112,'IsThreadPoolThread',FALSE);
INSERT INTO ANSWER(`ANSWER_ID`,`DESCRIPTION`,`ISRIGHTANSWER`) VALUES (113,'Started',FALSE);
INSERT INTO ANSWER(`ANSWER_ID`,`DESCRIPTION`,`ISRIGHTANSWER`) VALUES (114,'the try block does not get called',FALSE);
INSERT INTO ANSWER(`ANSWER_ID`,`DESCRIPTION`,`ISRIGHTANSWER`) VALUES (115,'Nullable Coalescing Operator can be used with reference types and nullable value types',FALSE);
INSERT INTO ANSWER(`ANSWER_ID`,`DESCRIPTION`,`ISRIGHTANSWER`) VALUES (116,'AttributeUsage, Conditional, Obsolete',FALSE);
INSERT INTO ANSWER(`ANSWER_ID`,`DESCRIPTION`,`ISRIGHTANSWER`) VALUES (117,'Positive Test cases, Negative Test cases, Exception Test cases',FALSE);
INSERT INTO ANSWER(`ANSWER_ID`,`DESCRIPTION`,`ISRIGHTANSWER`) VALUES (118,'Broadcast Arrays',FALSE);
INSERT INTO ANSWER(`ANSWER_ID`,`DESCRIPTION`,`ISRIGHTANSWER`) VALUES (119,'Value types are stored in the Stack and reference types stored on heap.',FALSE);
INSERT INTO ANSWER(`ANSWER_ID`,`DESCRIPTION`,`ISRIGHTANSWER`) VALUES (120,'the ability of a programming language to process objects in different ways depending on their data type or class.',FALSE);
COMMIT;

INSERT INTO TEST(`TEST_ID`,`SESSION_KEY`,`TEST_DATE`) VALUES (1,'AAAAAAAAAAAAAAAAAAAAA','2017-01-05 10:15:10');
INSERT INTO TEST(`TEST_ID`,`SESSION_KEY`,`TEST_DATE`) VALUES (2,'BBBBBBBBBBBBBBBBBBBBB','2017-01-10 11:21:11');
INSERT INTO TEST(`TEST_ID`,`SESSION_KEY`,`TEST_DATE`) VALUES (3,'CCCCCCCCCCCCCCCCCCCCC','2017-02-01 12:32:22');
INSERT INTO TEST(`TEST_ID`,`SESSION_KEY`,`TEST_DATE`) VALUES (4,'DDDDDDDDDDDDDDDDDDDDD','2017-02-04 10:23:33');
INSERT INTO TEST(`TEST_ID`,`SESSION_KEY`,`TEST_DATE`) VALUES (5,'EEEEEEEEEEEEEEEEEEEEE','2017-03-03 11:44:55');
INSERT INTO TEST(`TEST_ID`,`SESSION_KEY`,`TEST_DATE`) VALUES (6,'FFFFFFFFFFFFFFFFFFFFF','2017-03-17 12:33:44');
INSERT INTO TEST(`TEST_ID`,`SESSION_KEY`,`TEST_DATE`) VALUES (7,'GGGGGGGGGGGGGGGGGGGGG','2017-04-16 10:18:23');
INSERT INTO TEST(`TEST_ID`,`SESSION_KEY`,`TEST_DATE`) VALUES (8,'HHHHHHHHHHHHHHHHHHHHH','2017-04-20 12:56:10');
COMMIT;

INSERT INTO TEST_QUESTION(`TEST_QUESTION_ID`,`QUESTION_ID`,`ANSWER`) VALUES (1,3,103);
INSERT INTO TEST_QUESTION(`TEST_QUESTION_ID`,`QUESTION_ID`,`ANSWER`) VALUES (2,10,90);
INSERT INTO TEST_QUESTION(`TEST_QUESTION_ID`,`QUESTION_ID`,`ANSWER`) VALUES (3,2,22);
INSERT INTO TEST_QUESTION(`TEST_QUESTION_ID`,`QUESTION_ID`,`ANSWER`) VALUES (4,17,77);
INSERT INTO TEST_QUESTION(`TEST_QUESTION_ID`,`QUESTION_ID`,`ANSWER`) VALUES (5,18,58);
INSERT INTO TEST_QUESTION(`TEST_QUESTION_ID`,`QUESTION_ID`,`ANSWER`) VALUES (6,5,45);
INSERT INTO TEST_QUESTION(`TEST_QUESTION_ID`,`QUESTION_ID`,`ANSWER`) VALUES (7,12,32);
INSERT INTO TEST_QUESTION(`TEST_QUESTION_ID`,`QUESTION_ID`,`ANSWER`) VALUES (8,10,50);
INSERT INTO TEST_QUESTION(`TEST_QUESTION_ID`,`QUESTION_ID`,`ANSWER`) VALUES (9,6,106);
INSERT INTO TEST_QUESTION(`TEST_QUESTION_ID`,`QUESTION_ID`,`ANSWER`) VALUES (10,20,60);
INSERT INTO TEST_QUESTION(`TEST_QUESTION_ID`,`QUESTION_ID`,`ANSWER`) VALUES (11,5,65);
INSERT INTO TEST_QUESTION(`TEST_QUESTION_ID`,`QUESTION_ID`,`ANSWER`) VALUES (12,5,85);
INSERT INTO TEST_QUESTION(`TEST_QUESTION_ID`,`QUESTION_ID`,`ANSWER`) VALUES (13,13,73);
INSERT INTO TEST_QUESTION(`TEST_QUESTION_ID`,`QUESTION_ID`,`ANSWER`) VALUES (14,17,77);
INSERT INTO TEST_QUESTION(`TEST_QUESTION_ID`,`QUESTION_ID`,`ANSWER`) VALUES (15,3,63);
INSERT INTO TEST_QUESTION(`TEST_QUESTION_ID`,`QUESTION_ID`,`ANSWER`) VALUES (16,6,106);
INSERT INTO TEST_QUESTION(`TEST_QUESTION_ID`,`QUESTION_ID`,`ANSWER`) VALUES (17,3,43);
INSERT INTO TEST_QUESTION(`TEST_QUESTION_ID`,`QUESTION_ID`,`ANSWER`) VALUES (18,2,82);
INSERT INTO TEST_QUESTION(`TEST_QUESTION_ID`,`QUESTION_ID`,`ANSWER`) VALUES (19,4,24);
INSERT INTO TEST_QUESTION(`TEST_QUESTION_ID`,`QUESTION_ID`,`ANSWER`) VALUES (20,7,47);
INSERT INTO TEST_QUESTION(`TEST_QUESTION_ID`,`QUESTION_ID`,`ANSWER`) VALUES (21,3,103);
INSERT INTO TEST_QUESTION(`TEST_QUESTION_ID`,`QUESTION_ID`,`ANSWER`) VALUES (22,7,47);
INSERT INTO TEST_QUESTION(`TEST_QUESTION_ID`,`QUESTION_ID`,`ANSWER`) VALUES (23,11,91);
INSERT INTO TEST_QUESTION(`TEST_QUESTION_ID`,`QUESTION_ID`,`ANSWER`) VALUES (24,4,84);
INSERT INTO TEST_QUESTION(`TEST_QUESTION_ID`,`QUESTION_ID`,`ANSWER`) VALUES (25,13,33);
INSERT INTO TEST_QUESTION(`TEST_QUESTION_ID`,`QUESTION_ID`,`ANSWER`) VALUES (26,4,84);
INSERT INTO TEST_QUESTION(`TEST_QUESTION_ID`,`QUESTION_ID`,`ANSWER`) VALUES (27,8,88);
INSERT INTO TEST_QUESTION(`TEST_QUESTION_ID`,`QUESTION_ID`,`ANSWER`) VALUES (28,3,83);
INSERT INTO TEST_QUESTION(`TEST_QUESTION_ID`,`QUESTION_ID`,`ANSWER`) VALUES (29,1,61);
INSERT INTO TEST_QUESTION(`TEST_QUESTION_ID`,`QUESTION_ID`,`ANSWER`) VALUES (30,19,39);
INSERT INTO TEST_QUESTION(`TEST_QUESTION_ID`,`QUESTION_ID`,`ANSWER`) VALUES (31,11,31);
INSERT INTO TEST_QUESTION(`TEST_QUESTION_ID`,`QUESTION_ID`,`ANSWER`) VALUES (32,9,109);
INSERT INTO TEST_QUESTION(`TEST_QUESTION_ID`,`QUESTION_ID`,`ANSWER`) VALUES (33,9,69);
INSERT INTO TEST_QUESTION(`TEST_QUESTION_ID`,`QUESTION_ID`,`ANSWER`) VALUES (34,15,75);
INSERT INTO TEST_QUESTION(`TEST_QUESTION_ID`,`QUESTION_ID`,`ANSWER`) VALUES (35,19,59);
INSERT INTO TEST_QUESTION(`TEST_QUESTION_ID`,`QUESTION_ID`,`ANSWER`) VALUES (36,9,29);
INSERT INTO TEST_QUESTION(`TEST_QUESTION_ID`,`QUESTION_ID`,`ANSWER`) VALUES (37,9,49);
INSERT INTO TEST_QUESTION(`TEST_QUESTION_ID`,`QUESTION_ID`,`ANSWER`) VALUES (38,18,98);
INSERT INTO TEST_QUESTION(`TEST_QUESTION_ID`,`QUESTION_ID`,`ANSWER`) VALUES (39,10,70);
INSERT INTO TEST_QUESTION(`TEST_QUESTION_ID`,`QUESTION_ID`,`ANSWER`) VALUES (40,17,37);
COMMIT;

INSERT INTO QUESTION_ANSWER(`QUESTION_ID`,`ANSWER_ID`) VALUES (1,1);
INSERT INTO QUESTION_ANSWER(`QUESTION_ID`,`ANSWER_ID`) VALUES (2,2);
INSERT INTO QUESTION_ANSWER(`QUESTION_ID`,`ANSWER_ID`) VALUES (3,3);
INSERT INTO QUESTION_ANSWER(`QUESTION_ID`,`ANSWER_ID`) VALUES (4,4);
INSERT INTO QUESTION_ANSWER(`QUESTION_ID`,`ANSWER_ID`) VALUES (5,5);
INSERT INTO QUESTION_ANSWER(`QUESTION_ID`,`ANSWER_ID`) VALUES (6,6);
INSERT INTO QUESTION_ANSWER(`QUESTION_ID`,`ANSWER_ID`) VALUES (7,7);
INSERT INTO QUESTION_ANSWER(`QUESTION_ID`,`ANSWER_ID`) VALUES (8,8);
INSERT INTO QUESTION_ANSWER(`QUESTION_ID`,`ANSWER_ID`) VALUES (9,9);
INSERT INTO QUESTION_ANSWER(`QUESTION_ID`,`ANSWER_ID`) VALUES (10,10);
INSERT INTO QUESTION_ANSWER(`QUESTION_ID`,`ANSWER_ID`) VALUES (11,11);
INSERT INTO QUESTION_ANSWER(`QUESTION_ID`,`ANSWER_ID`) VALUES (12,12);
INSERT INTO QUESTION_ANSWER(`QUESTION_ID`,`ANSWER_ID`) VALUES (13,13);
INSERT INTO QUESTION_ANSWER(`QUESTION_ID`,`ANSWER_ID`) VALUES (14,14);
INSERT INTO QUESTION_ANSWER(`QUESTION_ID`,`ANSWER_ID`) VALUES (15,15);
INSERT INTO QUESTION_ANSWER(`QUESTION_ID`,`ANSWER_ID`) VALUES (16,16);
INSERT INTO QUESTION_ANSWER(`QUESTION_ID`,`ANSWER_ID`) VALUES (17,17);
INSERT INTO QUESTION_ANSWER(`QUESTION_ID`,`ANSWER_ID`) VALUES (18,18);
INSERT INTO QUESTION_ANSWER(`QUESTION_ID`,`ANSWER_ID`) VALUES (19,19);
INSERT INTO QUESTION_ANSWER(`QUESTION_ID`,`ANSWER_ID`) VALUES (20,20);

INSERT INTO QUESTION_ANSWER(`QUESTION_ID`,`ANSWER_ID`) VALUES (1,21);
INSERT INTO QUESTION_ANSWER(`QUESTION_ID`,`ANSWER_ID`) VALUES (2,22);
INSERT INTO QUESTION_ANSWER(`QUESTION_ID`,`ANSWER_ID`) VALUES (3,23);
INSERT INTO QUESTION_ANSWER(`QUESTION_ID`,`ANSWER_ID`) VALUES (4,24);
INSERT INTO QUESTION_ANSWER(`QUESTION_ID`,`ANSWER_ID`) VALUES (5,25);
INSERT INTO QUESTION_ANSWER(`QUESTION_ID`,`ANSWER_ID`) VALUES (6,26);
INSERT INTO QUESTION_ANSWER(`QUESTION_ID`,`ANSWER_ID`) VALUES (7,27);
INSERT INTO QUESTION_ANSWER(`QUESTION_ID`,`ANSWER_ID`) VALUES (8,28);
INSERT INTO QUESTION_ANSWER(`QUESTION_ID`,`ANSWER_ID`) VALUES (9,29);
INSERT INTO QUESTION_ANSWER(`QUESTION_ID`,`ANSWER_ID`) VALUES (10,30);
INSERT INTO QUESTION_ANSWER(`QUESTION_ID`,`ANSWER_ID`) VALUES (11,31);
INSERT INTO QUESTION_ANSWER(`QUESTION_ID`,`ANSWER_ID`) VALUES (12,32);
INSERT INTO QUESTION_ANSWER(`QUESTION_ID`,`ANSWER_ID`) VALUES (13,33);
INSERT INTO QUESTION_ANSWER(`QUESTION_ID`,`ANSWER_ID`) VALUES (14,34);
INSERT INTO QUESTION_ANSWER(`QUESTION_ID`,`ANSWER_ID`) VALUES (15,35);
INSERT INTO QUESTION_ANSWER(`QUESTION_ID`,`ANSWER_ID`) VALUES (16,36);
INSERT INTO QUESTION_ANSWER(`QUESTION_ID`,`ANSWER_ID`) VALUES (17,37);
INSERT INTO QUESTION_ANSWER(`QUESTION_ID`,`ANSWER_ID`) VALUES (18,38);
INSERT INTO QUESTION_ANSWER(`QUESTION_ID`,`ANSWER_ID`) VALUES (19,39);
INSERT INTO QUESTION_ANSWER(`QUESTION_ID`,`ANSWER_ID`) VALUES (20,40);

INSERT INTO QUESTION_ANSWER(`QUESTION_ID`,`ANSWER_ID`) VALUES (1,41);
INSERT INTO QUESTION_ANSWER(`QUESTION_ID`,`ANSWER_ID`) VALUES (2,42);
INSERT INTO QUESTION_ANSWER(`QUESTION_ID`,`ANSWER_ID`) VALUES (3,43);
INSERT INTO QUESTION_ANSWER(`QUESTION_ID`,`ANSWER_ID`) VALUES (4,44);
INSERT INTO QUESTION_ANSWER(`QUESTION_ID`,`ANSWER_ID`) VALUES (5,45);
INSERT INTO QUESTION_ANSWER(`QUESTION_ID`,`ANSWER_ID`) VALUES (6,46);
INSERT INTO QUESTION_ANSWER(`QUESTION_ID`,`ANSWER_ID`) VALUES (7,47);
INSERT INTO QUESTION_ANSWER(`QUESTION_ID`,`ANSWER_ID`) VALUES (8,48);
INSERT INTO QUESTION_ANSWER(`QUESTION_ID`,`ANSWER_ID`) VALUES (9,49);
INSERT INTO QUESTION_ANSWER(`QUESTION_ID`,`ANSWER_ID`) VALUES (10,50);
INSERT INTO QUESTION_ANSWER(`QUESTION_ID`,`ANSWER_ID`) VALUES (11,51);
INSERT INTO QUESTION_ANSWER(`QUESTION_ID`,`ANSWER_ID`) VALUES (12,52);
INSERT INTO QUESTION_ANSWER(`QUESTION_ID`,`ANSWER_ID`) VALUES (13,53);
INSERT INTO QUESTION_ANSWER(`QUESTION_ID`,`ANSWER_ID`) VALUES (14,54);
INSERT INTO QUESTION_ANSWER(`QUESTION_ID`,`ANSWER_ID`) VALUES (15,55);
INSERT INTO QUESTION_ANSWER(`QUESTION_ID`,`ANSWER_ID`) VALUES (16,56);
INSERT INTO QUESTION_ANSWER(`QUESTION_ID`,`ANSWER_ID`) VALUES (17,57);
INSERT INTO QUESTION_ANSWER(`QUESTION_ID`,`ANSWER_ID`) VALUES (18,58);
INSERT INTO QUESTION_ANSWER(`QUESTION_ID`,`ANSWER_ID`) VALUES (19,59);
INSERT INTO QUESTION_ANSWER(`QUESTION_ID`,`ANSWER_ID`) VALUES (20,60);

INSERT INTO QUESTION_ANSWER(`QUESTION_ID`,`ANSWER_ID`) VALUES (1,61);
INSERT INTO QUESTION_ANSWER(`QUESTION_ID`,`ANSWER_ID`) VALUES (2,62);
INSERT INTO QUESTION_ANSWER(`QUESTION_ID`,`ANSWER_ID`) VALUES (3,63);
INSERT INTO QUESTION_ANSWER(`QUESTION_ID`,`ANSWER_ID`) VALUES (4,64);
INSERT INTO QUESTION_ANSWER(`QUESTION_ID`,`ANSWER_ID`) VALUES (5,65);
INSERT INTO QUESTION_ANSWER(`QUESTION_ID`,`ANSWER_ID`) VALUES (6,66);
INSERT INTO QUESTION_ANSWER(`QUESTION_ID`,`ANSWER_ID`) VALUES (7,67);
INSERT INTO QUESTION_ANSWER(`QUESTION_ID`,`ANSWER_ID`) VALUES (8,68);
INSERT INTO QUESTION_ANSWER(`QUESTION_ID`,`ANSWER_ID`) VALUES (9,69);
INSERT INTO QUESTION_ANSWER(`QUESTION_ID`,`ANSWER_ID`) VALUES (10,70);
INSERT INTO QUESTION_ANSWER(`QUESTION_ID`,`ANSWER_ID`) VALUES (11,71);
INSERT INTO QUESTION_ANSWER(`QUESTION_ID`,`ANSWER_ID`) VALUES (12,72);
INSERT INTO QUESTION_ANSWER(`QUESTION_ID`,`ANSWER_ID`) VALUES (13,73);
INSERT INTO QUESTION_ANSWER(`QUESTION_ID`,`ANSWER_ID`) VALUES (14,74);
INSERT INTO QUESTION_ANSWER(`QUESTION_ID`,`ANSWER_ID`) VALUES (15,75);
INSERT INTO QUESTION_ANSWER(`QUESTION_ID`,`ANSWER_ID`) VALUES (16,76);
INSERT INTO QUESTION_ANSWER(`QUESTION_ID`,`ANSWER_ID`) VALUES (17,77);
INSERT INTO QUESTION_ANSWER(`QUESTION_ID`,`ANSWER_ID`) VALUES (18,78);
INSERT INTO QUESTION_ANSWER(`QUESTION_ID`,`ANSWER_ID`) VALUES (19,79);
INSERT INTO QUESTION_ANSWER(`QUESTION_ID`,`ANSWER_ID`) VALUES (20,80);

INSERT INTO QUESTION_ANSWER(`QUESTION_ID`,`ANSWER_ID`) VALUES (1,81);
INSERT INTO QUESTION_ANSWER(`QUESTION_ID`,`ANSWER_ID`) VALUES (2,82);
INSERT INTO QUESTION_ANSWER(`QUESTION_ID`,`ANSWER_ID`) VALUES (3,83);
INSERT INTO QUESTION_ANSWER(`QUESTION_ID`,`ANSWER_ID`) VALUES (4,84);
INSERT INTO QUESTION_ANSWER(`QUESTION_ID`,`ANSWER_ID`) VALUES (5,85);
INSERT INTO QUESTION_ANSWER(`QUESTION_ID`,`ANSWER_ID`) VALUES (6,86);
INSERT INTO QUESTION_ANSWER(`QUESTION_ID`,`ANSWER_ID`) VALUES (7,87);
INSERT INTO QUESTION_ANSWER(`QUESTION_ID`,`ANSWER_ID`) VALUES (8,88);
INSERT INTO QUESTION_ANSWER(`QUESTION_ID`,`ANSWER_ID`) VALUES (9,89);
INSERT INTO QUESTION_ANSWER(`QUESTION_ID`,`ANSWER_ID`) VALUES (10,90);
INSERT INTO QUESTION_ANSWER(`QUESTION_ID`,`ANSWER_ID`) VALUES (11,91);
INSERT INTO QUESTION_ANSWER(`QUESTION_ID`,`ANSWER_ID`) VALUES (12,92);
INSERT INTO QUESTION_ANSWER(`QUESTION_ID`,`ANSWER_ID`) VALUES (13,93);
INSERT INTO QUESTION_ANSWER(`QUESTION_ID`,`ANSWER_ID`) VALUES (14,94);
INSERT INTO QUESTION_ANSWER(`QUESTION_ID`,`ANSWER_ID`) VALUES (15,95);
INSERT INTO QUESTION_ANSWER(`QUESTION_ID`,`ANSWER_ID`) VALUES (16,96);
INSERT INTO QUESTION_ANSWER(`QUESTION_ID`,`ANSWER_ID`) VALUES (17,97);
INSERT INTO QUESTION_ANSWER(`QUESTION_ID`,`ANSWER_ID`) VALUES (18,98);
INSERT INTO QUESTION_ANSWER(`QUESTION_ID`,`ANSWER_ID`) VALUES (19,99);
INSERT INTO QUESTION_ANSWER(`QUESTION_ID`,`ANSWER_ID`) VALUES (20,100);

INSERT INTO QUESTION_ANSWER(`QUESTION_ID`,`ANSWER_ID`) VALUES (1,101);
INSERT INTO QUESTION_ANSWER(`QUESTION_ID`,`ANSWER_ID`) VALUES (2,102);
INSERT INTO QUESTION_ANSWER(`QUESTION_ID`,`ANSWER_ID`) VALUES (3,103);
INSERT INTO QUESTION_ANSWER(`QUESTION_ID`,`ANSWER_ID`) VALUES (4,104);
INSERT INTO QUESTION_ANSWER(`QUESTION_ID`,`ANSWER_ID`) VALUES (5,105);
INSERT INTO QUESTION_ANSWER(`QUESTION_ID`,`ANSWER_ID`) VALUES (6,106);
INSERT INTO QUESTION_ANSWER(`QUESTION_ID`,`ANSWER_ID`) VALUES (7,107);
INSERT INTO QUESTION_ANSWER(`QUESTION_ID`,`ANSWER_ID`) VALUES (8,108);
INSERT INTO QUESTION_ANSWER(`QUESTION_ID`,`ANSWER_ID`) VALUES (9,109);
INSERT INTO QUESTION_ANSWER(`QUESTION_ID`,`ANSWER_ID`) VALUES (10,110);
INSERT INTO QUESTION_ANSWER(`QUESTION_ID`,`ANSWER_ID`) VALUES (11,111);
INSERT INTO QUESTION_ANSWER(`QUESTION_ID`,`ANSWER_ID`) VALUES (12,112);
INSERT INTO QUESTION_ANSWER(`QUESTION_ID`,`ANSWER_ID`) VALUES (13,113);
INSERT INTO QUESTION_ANSWER(`QUESTION_ID`,`ANSWER_ID`) VALUES (14,114);
INSERT INTO QUESTION_ANSWER(`QUESTION_ID`,`ANSWER_ID`) VALUES (15,115);
INSERT INTO QUESTION_ANSWER(`QUESTION_ID`,`ANSWER_ID`) VALUES (16,116);
INSERT INTO QUESTION_ANSWER(`QUESTION_ID`,`ANSWER_ID`) VALUES (17,117);
INSERT INTO QUESTION_ANSWER(`QUESTION_ID`,`ANSWER_ID`) VALUES (18,118);
INSERT INTO QUESTION_ANSWER(`QUESTION_ID`,`ANSWER_ID`) VALUES (19,119);
INSERT INTO QUESTION_ANSWER(`QUESTION_ID`,`ANSWER_ID`) VALUES (20,120);
COMMIT;

INSERT INTO QUESTION_SUBCAT(`QUESTION_ID`,`SUB_CAT_ID`) VALUES (1,1);
INSERT INTO QUESTION_SUBCAT(`QUESTION_ID`,`SUB_CAT_ID`) VALUES (2,1);
INSERT INTO QUESTION_SUBCAT(`QUESTION_ID`,`SUB_CAT_ID`) VALUES (3,2);
INSERT INTO QUESTION_SUBCAT(`QUESTION_ID`,`SUB_CAT_ID`) VALUES (4,2);
INSERT INTO QUESTION_SUBCAT(`QUESTION_ID`,`SUB_CAT_ID`) VALUES (5,2);
INSERT INTO QUESTION_SUBCAT(`QUESTION_ID`,`SUB_CAT_ID`) VALUES (6,1);
INSERT INTO QUESTION_SUBCAT(`QUESTION_ID`,`SUB_CAT_ID`) VALUES (7,1);
INSERT INTO QUESTION_SUBCAT(`QUESTION_ID`,`SUB_CAT_ID`) VALUES (8,1);
INSERT INTO QUESTION_SUBCAT(`QUESTION_ID`,`SUB_CAT_ID`) VALUES (9,2);
INSERT INTO QUESTION_SUBCAT(`QUESTION_ID`,`SUB_CAT_ID`) VALUES (10,1);
INSERT INTO QUESTION_SUBCAT(`QUESTION_ID`,`SUB_CAT_ID`) VALUES (11,3);
INSERT INTO QUESTION_SUBCAT(`QUESTION_ID`,`SUB_CAT_ID`) VALUES (12,3);
INSERT INTO QUESTION_SUBCAT(`QUESTION_ID`,`SUB_CAT_ID`) VALUES (13,3);
INSERT INTO QUESTION_SUBCAT(`QUESTION_ID`,`SUB_CAT_ID`) VALUES (14,4);
INSERT INTO QUESTION_SUBCAT(`QUESTION_ID`,`SUB_CAT_ID`) VALUES (15,4);
INSERT INTO QUESTION_SUBCAT(`QUESTION_ID`,`SUB_CAT_ID`) VALUES (16,4);
INSERT INTO QUESTION_SUBCAT(`QUESTION_ID`,`SUB_CAT_ID`) VALUES (17,3);
INSERT INTO QUESTION_SUBCAT(`QUESTION_ID`,`SUB_CAT_ID`) VALUES (18,3);
INSERT INTO QUESTION_SUBCAT(`QUESTION_ID`,`SUB_CAT_ID`) VALUES (19,4);
INSERT INTO QUESTION_SUBCAT(`QUESTION_ID`,`SUB_CAT_ID`) VALUES (20,4);
COMMIT;

INSERT INTO USER_TEST(`TEST_ID`,`USER_ID`) VALUES (1,5);
INSERT INTO USER_TEST(`TEST_ID`,`USER_ID`) VALUES (2,5);
INSERT INTO USER_TEST(`TEST_ID`,`USER_ID`) VALUES (3,6);
INSERT INTO USER_TEST(`TEST_ID`,`USER_ID`) VALUES (4,6);
INSERT INTO USER_TEST(`TEST_ID`,`USER_ID`) VALUES (5,6);
INSERT INTO USER_TEST(`TEST_ID`,`USER_ID`) VALUES (6,5);
INSERT INTO USER_TEST(`TEST_ID`,`USER_ID`) VALUES (7,7);
INSERT INTO USER_TEST(`TEST_ID`,`USER_ID`) VALUES (8,7);
COMMIT;


INSERT INTO TEST_TESTQUESTION(`TEST_ID`,`TEST_QUESTION_ID`) VALUES (1,1);
INSERT INTO TEST_TESTQUESTION(`TEST_ID`,`TEST_QUESTION_ID`) VALUES (1,2);
INSERT INTO TEST_TESTQUESTION(`TEST_ID`,`TEST_QUESTION_ID`) VALUES (1,3);
INSERT INTO TEST_TESTQUESTION(`TEST_ID`,`TEST_QUESTION_ID`) VALUES (1,4);
INSERT INTO TEST_TESTQUESTION(`TEST_ID`,`TEST_QUESTION_ID`) VALUES (1,5);
INSERT INTO TEST_TESTQUESTION(`TEST_ID`,`TEST_QUESTION_ID`) VALUES (2,6);
INSERT INTO TEST_TESTQUESTION(`TEST_ID`,`TEST_QUESTION_ID`) VALUES (2,7);
INSERT INTO TEST_TESTQUESTION(`TEST_ID`,`TEST_QUESTION_ID`) VALUES (2,8);
INSERT INTO TEST_TESTQUESTION(`TEST_ID`,`TEST_QUESTION_ID`) VALUES (2,9);
INSERT INTO TEST_TESTQUESTION(`TEST_ID`,`TEST_QUESTION_ID`) VALUES (2,10);
INSERT INTO TEST_TESTQUESTION(`TEST_ID`,`TEST_QUESTION_ID`) VALUES (3,11);
INSERT INTO TEST_TESTQUESTION(`TEST_ID`,`TEST_QUESTION_ID`) VALUES (3,12);
INSERT INTO TEST_TESTQUESTION(`TEST_ID`,`TEST_QUESTION_ID`) VALUES (3,13);
INSERT INTO TEST_TESTQUESTION(`TEST_ID`,`TEST_QUESTION_ID`) VALUES (3,14);
INSERT INTO TEST_TESTQUESTION(`TEST_ID`,`TEST_QUESTION_ID`) VALUES (3,15);
INSERT INTO TEST_TESTQUESTION(`TEST_ID`,`TEST_QUESTION_ID`) VALUES (4,16);
INSERT INTO TEST_TESTQUESTION(`TEST_ID`,`TEST_QUESTION_ID`) VALUES (4,17);
INSERT INTO TEST_TESTQUESTION(`TEST_ID`,`TEST_QUESTION_ID`) VALUES (4,18);
INSERT INTO TEST_TESTQUESTION(`TEST_ID`,`TEST_QUESTION_ID`) VALUES (4,19);
INSERT INTO TEST_TESTQUESTION(`TEST_ID`,`TEST_QUESTION_ID`) VALUES (4,20);
INSERT INTO TEST_TESTQUESTION(`TEST_ID`,`TEST_QUESTION_ID`) VALUES (5,21);
INSERT INTO TEST_TESTQUESTION(`TEST_ID`,`TEST_QUESTION_ID`) VALUES (5,22);
INSERT INTO TEST_TESTQUESTION(`TEST_ID`,`TEST_QUESTION_ID`) VALUES (5,23);
INSERT INTO TEST_TESTQUESTION(`TEST_ID`,`TEST_QUESTION_ID`) VALUES (5,24);
INSERT INTO TEST_TESTQUESTION(`TEST_ID`,`TEST_QUESTION_ID`) VALUES (5,25);
INSERT INTO TEST_TESTQUESTION(`TEST_ID`,`TEST_QUESTION_ID`) VALUES (6,26);
INSERT INTO TEST_TESTQUESTION(`TEST_ID`,`TEST_QUESTION_ID`) VALUES (6,27);
INSERT INTO TEST_TESTQUESTION(`TEST_ID`,`TEST_QUESTION_ID`) VALUES (6,28);
INSERT INTO TEST_TESTQUESTION(`TEST_ID`,`TEST_QUESTION_ID`) VALUES (6,29);
INSERT INTO TEST_TESTQUESTION(`TEST_ID`,`TEST_QUESTION_ID`) VALUES (6,30);
INSERT INTO TEST_TESTQUESTION(`TEST_ID`,`TEST_QUESTION_ID`) VALUES (7,31);
INSERT INTO TEST_TESTQUESTION(`TEST_ID`,`TEST_QUESTION_ID`) VALUES (7,32);
INSERT INTO TEST_TESTQUESTION(`TEST_ID`,`TEST_QUESTION_ID`) VALUES (7,33);
INSERT INTO TEST_TESTQUESTION(`TEST_ID`,`TEST_QUESTION_ID`) VALUES (7,34);
INSERT INTO TEST_TESTQUESTION(`TEST_ID`,`TEST_QUESTION_ID`) VALUES (7,35);
INSERT INTO TEST_TESTQUESTION(`TEST_ID`,`TEST_QUESTION_ID`) VALUES (8,36);
INSERT INTO TEST_TESTQUESTION(`TEST_ID`,`TEST_QUESTION_ID`) VALUES (8,37);
INSERT INTO TEST_TESTQUESTION(`TEST_ID`,`TEST_QUESTION_ID`) VALUES (8,38);
INSERT INTO TEST_TESTQUESTION(`TEST_ID`,`TEST_QUESTION_ID`) VALUES (8,39);
INSERT INTO TEST_TESTQUESTION(`TEST_ID`,`TEST_QUESTION_ID`) VALUES (8,40);
COMMIT;


